,title,url
0,[아보카도] TOP 10 | 세계 항공사 순위 | 대한항공 vs 아시아나,https://www.youtube.com/watch?v=op4BGoxeL-8
1,돈 얘기 좀 시작해 볼까?[항공사 때려친 언니들],https://www.youtube.com/watch?v=Da_PmEf_yNY
2, 제가 승무원을 그만둔 이유는...  [항공사 때려친 언니들],https://www.youtube.com/watch?v=J_Wp__F3MR4
3,세계에서 최고로 매력적인 항공사 유니폼 Top20+1! 가장 예쁜 스튜어디스 유니폼은?,https://www.youtube.com/watch?v=GlPdlUDnMXE
4,전 세계 1위 먹은 항공사,https://www.youtube.com/watch?v=AD_Y0n8TPco
5,[M빅이슈] 저가항공사 3곳 더 늘어난다는데... 그런데 저가항공은 왜 싸요?,https://www.youtube.com/watch?v=9fuWUF7ROeg
6,가장 예쁜 항공사 유니폼을 찾아보자!!,https://www.youtube.com/watch?v=iirYuyg3iTA
7,해외 여행시 피해야 할 최악의 항공사 TOP10,https://www.youtube.com/watch?v=te8u9S4b0Xs
8,[직장인브이로그] 항공사 지상직의 하루 -오전근무편,https://www.youtube.com/watch?v=mmFs77es4X8
9,[궁금증] 미국 취항하는 LCC탄생! 신규 항공사 3곳 자세히 살펴보기,https://www.youtube.com/watch?v=_D0HIjOJu6Q
10,승무원 유니폼 베일을 벗다[항공사 때려친 언니들],https://www.youtube.com/watch?v=-C1F_qlqo_0
11,승무원은 누굴 만나나?[항공사 때려친 언니들],https://www.youtube.com/watch?v=3HDGiHOgM7w
12,들으면 들을수록 놀라운 승객 에피소드[항공사 때려친 언니들],https://www.youtube.com/watch?v=xpGPbsO2bhE
13,싱가포르항공 New A380 퍼스트클래스 스위트 리뷰 / Singapore Airlines New A380 First Class Suites Review,https://www.youtube.com/watch?v=xY3szCzUVOo
14,왕복 600만원 아시아나 A380 비지니스석을 타보았습니다. !! 이곳은 천국이야 !!!! 인천 - 뉴욕행,https://www.youtube.com/watch?v=Abh6sJEIsNs
15,승무원 막내에게 벌어지는 일들[항공사 때려친 언니들],https://www.youtube.com/watch?v=Kwr4oQdgCtQ
16,"지식탐구 - 대한민국 항공사 보유 항공기 2탄! [대한항공, 아시아나항공]",https://www.youtube.com/watch?v=WUcdbeOYsVE
17,우주여행이 가능한 항공사?_2018년 세계 항공사 순위 Top10_[SES Production],https://www.youtube.com/watch?v=k-10VrIO0u8
18,저가항공사 VS 대형항공사 전격비교!! [꿀팁],https://www.youtube.com/watch?v=l9nzHdtT4zg
19,승객들을 뭉클하게 만든 어느 항공사 기장의 안내방송,https://www.youtube.com/watch?v=Cgq3Dn8hcYU
20,승무원이 알려주는 커플 승객 유형?! [항공사 때려친 언니들],https://www.youtube.com/watch?v=-G4C32nl4lQ
21,대한항공이 세계 최악의 항공사라고? 충격주의,https://www.youtube.com/watch?v=oh4mSgbG86A
22,우리나라의 항공사는 몇 개 일까?,https://www.youtube.com/watch?v=7n83Q5GSwXg
23,[직장인브이로그] NG모음/ 쓸데없는 항공사이야기 수다떨기(알면쓸데없는잡다항공사이야기),https://www.youtube.com/watch?v=6iAmZ5UFtgQ
24,전직 승무원들의 일상 [항공사 때려친 언니들],https://www.youtube.com/watch?v=2qFm0b5UiG8
25,우리가 아시아나항공 가야 하는 이유[항공사 때려친 언니들],https://www.youtube.com/watch?v=GN-yx1EQVZ8
26,카타르면접 속 숨겨진 비밀[항공사 때려친 언니들],https://www.youtube.com/watch?v=PaC3fwfNpOY
27,'타고 싶지 않은 항공사' 1위   고려항공 얼마나 열악하길래,https://www.youtube.com/watch?v=ZURadxKUpUM
28,세계 최악의 항공사 TOP15,https://www.youtube.com/watch?v=A13mw0O7PpA
29,승무원 면접  죠크쇼  항공사마다 원하는 승무원상 따로 있나요? 항공사 선호 스타일 전격분석!!,https://www.youtube.com/watch?v=dYL9UqOzaKI
30,어디 항공사 유니폼이 제일 이쁜가? + 한국인도 뽑나요? 유니폼 예쁜 항공사 모음편,https://www.youtube.com/watch?v=15p9VpURSWw
31,전직 승무원이 말하는 면접의 진실 [항공사 때려친 언니들],https://www.youtube.com/watch?v=nAjQYc9xi-E
32, 비행 중 위급상황 part.1  [항공사 때려친 언니들],https://www.youtube.com/watch?v=bZGCXKoBDYU
33,[이슈체크] 새 시대 맞이하는 양대 항공사  이륙 준비  끝났나?,https://www.youtube.com/watch?v=GmV9a8_OWrQ
34,또 생겨난 저가항공사 '경쟁 치열' 문제는 '안전' / SBS,https://www.youtube.com/watch?v=vpMu0hwnJpA
35,기내에서 와이파이가 터지는 항공사 TOP 3 [해외여행],https://www.youtube.com/watch?v=E4OpMBm30-Q
36,승무원 막내들의 레전드 of 레전드 썰[항공사 때려친 언니들],https://www.youtube.com/watch?v=DZPDrJfZcGE
37,[6년째 비행중] 현직 외항사 승무원이 말하는 중동 항공사 취업의 모든것! 01/자격요건/지원방법,https://www.youtube.com/watch?v=7PO5CniWAbM
38,항공사가 절대 채택하지 않을 신속한 탑승 방식,https://www.youtube.com/watch?v=GVKAqbz3jFk
39,[티비냥] BTS 리더 영어담당 RM 당황시킨 항공사 영어면접 | 문제적남자 150326,https://www.youtube.com/watch?v=SK9fwG1XqpE
40,아시아나 항공 댓글 집중 분석[항공사 때려친 언니들],https://www.youtube.com/watch?v=n3TaJiA7OK4
41,국내저가항공사&화물기 보유기종(2),https://www.youtube.com/watch?v=O4NQoDvfE7w
42,스튜어디스가 아름답기로 소문난 항공사 TOP 10,https://www.youtube.com/watch?v=Jo6KlA8ZV3I
43,REAL 면접 체험 영상 [항공사 때려친 언니들],https://www.youtube.com/watch?v=lUQPS8iA0A0
44,[직장인브이로그] 항공사 지상직의 하루-오후근무편 ?+ 야식먹방(신전떡볶이),https://www.youtube.com/watch?v=787FWk1K7iA
45,[직장인브이로그] 항공사 지상직 직원의 장점!,https://www.youtube.com/watch?v=oLCzfE2SQXU
46,항공사 뜯어먹는 방법 공개합니다 (대부분 모르고 그냥 넘어감),https://www.youtube.com/watch?v=UUOJmTHYv24
47,솔직 담백 댓글 피드백[항공사 때려친 언니들],https://www.youtube.com/watch?v=kKLrlCkOqnI
48,승무원 면접 때 꼭 피해야 할 행동! [항공사 때려친 언니들],https://www.youtube.com/watch?v=VlHgETxaZtI
49,항공사 관계자분들이 이 영상을 싫어합니다 - 비행기 기내수하물 꿀팁,https://www.youtube.com/watch?v=GOKigC46pxQ
50,신생 소형프리미엄 항공사 에어필립을 타보다!,https://www.youtube.com/watch?v=avNg9WFdbL4
51,[Ranking Up] 세계 항공사 순위 TOP 10[오타많음 주의],https://www.youtube.com/watch?v=TFrxXL1PBIk
52,"승무원 메이저 항공사와 저비용항공사 일하는환경, 월급, 분위기 어떻게 다를까? Full service carrier and low cost carrier",https://www.youtube.com/watch?v=jM-QKTYRji8
53,저비용 항공사 9개   '동반몰락' 우려,https://www.youtube.com/watch?v=JLJIeGsrd_w
54,[이슈 수다] 항공사는 비엣젯 항공사로 가야하는 이유,https://www.youtube.com/watch?v=ytsDP3Zhfjs
55,[성공취업 X-File 170814] 항공사 롤플레이 면접 실전 대비/ 최지연 컨설턴트,https://www.youtube.com/watch?v=sNV4lOMtpsk
56,당신이 모르는 기내 서비스 [항공사 때려친 언니들],https://www.youtube.com/watch?v=ukorJPKQq3w
57,또 시끄러운 미국 항공사 이번엔 조종사가 승객 폭행 / 연합뉴스TV (YonhapnewsTV),https://www.youtube.com/watch?v=CRNI7tcHH-I
58,[투데이 매거진] 하늘길 절반 장악 저비용 항공사 '약진' (2018.06.22/뉴스투데이/MBC),https://www.youtube.com/watch?v=_dvRkkQQqh4
59,실제로 존재한다고 믿기 어려운 이상한 항공사,https://www.youtube.com/watch?v=CcvUdVQqinA
60,"싱가포르 항공사 비행기, 엔진에 불붙어 , 승객들은 비행기에 갇혀 보고만 있을 뿐",https://www.youtube.com/watch?v=RUe20BTllD4
61,에어부산 공채 총정리[항공사 때려친 언니들],https://www.youtube.com/watch?v=CAZIN71VTXo
62,항공사 미팅 중 내 이름을 외친 이 분,https://www.youtube.com/watch?v=bFlUwxfRIAM
63,세계 최악의 항공사 고려항공을 타고 방문하는 평양!(가상여행) 빨간토마토,https://www.youtube.com/watch?v=0rJTL5ToUw0
64,이렇게 면접 봐야 합격합니다. 여러분 [항공사 때려친 언니들],https://www.youtube.com/watch?v=nFp5gKBHhrg
65,여행할때 피야햐할 최악의 항공사 순위 TOP10,https://www.youtube.com/watch?v=x16GAH8jPkM
66,"비키니 항공사 CEO, 첫 베트남 여성 억만장자",https://www.youtube.com/watch?v=UMuk9e4AB5s
67,[손바닥경제] 저가항공사 면허 3곳 추가...그 영향은?,https://www.youtube.com/watch?v=iWIdMyAurJ4
68,들으면 들을수록 놀라운 승객 에피소드[항공사 때려친 언니들],https://www.youtube.com/watch?v=xpGPbsO2bhE
69,항공사가 숨기는 탑승객의 권리 top10,https://www.youtube.com/watch?v=PjXiNGKeDME
70,[KNN 뉴스]못 믿을 저비용항공사 이유 있었다,https://www.youtube.com/watch?v=JbvBxyQ-Gug
71,"유나이티드 항공사 비행기에서 연료가 샌다고 보고해 많은 목숨 살린 신혼부부, 푸대접 받아",https://www.youtube.com/watch?v=9Vt3FFhWWNw
72,싼 게 비지떡?...외국계 저비용항공사 피해 급증 / YTN,https://www.youtube.com/watch?v=39ZJCyuknas
73,세계최초의 항공사 KLM 항공의 역사 History of world's first airline KLM Airlines,https://www.youtube.com/watch?v=CSiPjWflU0Y
74,승무원 언니들의 다이어트 비결 대공개![항공사 때려친 언니들],https://www.youtube.com/watch?v=opJMlNfEfeQ
75,"#중국항공사 승무원의 비행   , 바쁜척하는일상, 장거리비행, 노드그린 시계 언박싱",https://www.youtube.com/watch?v=5FKNltnoWcE
76,"[비행vlog] 중동항공사 승무원의 취리히, 콜롬보 레이오버. 마트쇼핑. 티쇼핑",https://www.youtube.com/watch?v=wH9g0aiC6UE
77,기내식이 가장 맛없는 항공사 TOP5,https://www.youtube.com/watch?v=B4uH6rL_9n0
78,국내항공사VS외항사 면접 차이?,https://www.youtube.com/watch?v=ErKX_OQ4OLc
79,"저가항공사 주식 매수,매도 타이밍 / 이때 사면 수익률 1000% / 제주항공, 진에어, 티웨이항공, 에어부산",https://www.youtube.com/watch?v=2H03vOAYQ-k
80,승객 끌어내린 미 항공사 논란 계속 거액 소송 직면,https://www.youtube.com/watch?v=7HtC38CcjSE
81,연주자라면 피해야할 항공사 TOP 3 l 안전하게 악기 가져가는법,https://www.youtube.com/watch?v=ehkQUdgt8KU
82,양띵 [세계 최고의 항공사를 뽑는 대회! '더 스카이(The Sky)' 1편 / 다주파 제작] 마인크래프트,https://www.youtube.com/watch?v=dhg42gab2mo
83,LCC 항공사 승무원 면접은 이 것을 모르면 안된다,https://www.youtube.com/watch?v=I9kuPIEn4NY
84,승객은 모르는 벙커의 비밀[항공사 때려친 언니들],https://www.youtube.com/watch?v=Z-c_XDjASRo
85," 보잉 737 맥스  국내 비행 영공 통과 금지 항공사, 대책 고심 / KBS뉴스(News)",https://www.youtube.com/watch?v=3l1XGYug8G8
86,항공사 승무원은 나야나!멋진 플레이도우 인형옷만들기 스튜어디스 유니폼의 주인공은? 디즈니 애니메이션 미미인형드라마 barbie인형의 장난감 재미있는 인형극 어린이채널 모모TV,https://www.youtube.com/watch?v=VZ1pQ-vVFjk
87,"항공사별 화장법 그것이 궁금하니?! (ft.대한항공, 아시아나항공) [비행소녀단] 오사카 10회 by 모비딕 Mobidic",https://www.youtube.com/watch?v=515YvqcNuTc
88,"미얀마 1일차, 저가항공사로 미얀마 들어가기, 빡셈주의, 탈진주의, 허리 못폄 - 하무티비, hamutv,        ",https://www.youtube.com/watch?v=zzBxvQ3qC1g
89,대한항공 서류 합격 보장 영상 [항공사 때려친 언니들],https://www.youtube.com/watch?v=1LulNEQQWTc
90,에미레이트 MAKE-UP 코칭[항공사 때려친 언니들],https://www.youtube.com/watch?v=mAHGHWQR6tk
91,'지역항공사' 설립 검토...현실성은?-R (190325월/뉴스데스크),https://www.youtube.com/watch?v=Gtqc-QFjMLk
92,"중국항공사승무원일상  (동기언니룸투어 ,회사앞탕후루 ,타오바오언박싱, 한국어패치고장 ",https://www.youtube.com/watch?v=qXOT93cvGoE
93,우리나라 저가항공사를 알아보자!,https://www.youtube.com/watch?v=PitMf8LrfqU
94,몸살 앓는 항공사 잇따른 노조 갈등  왜 ,https://www.youtube.com/watch?v=ZJP3fkdl8Nc
95,중국항공사 승무원이 알려주는 중국어 공부 방버 ! | 중국어 잘하고 싶으신 분 꼭 보세요,https://www.youtube.com/watch?v=DSwJVM1AeuQ
96,[아경TV] 7번째 LCC 도전장 에어필립  호남 대표하는 항공사 될 것  포부,https://www.youtube.com/watch?v=qhYgLSEubEE
97,"비엣젯 항공사, 승무원들의 비키니 쇼에 사과",https://www.youtube.com/watch?v=hObpxmdqrb8
98,승무원이 말하는 항공운항과[항공사 때려친 언니들],https://www.youtube.com/watch?v=74csP7Ytq54
99,항공사 퍼스트 등급 여행 (거의)한번에 따는법,https://www.youtube.com/watch?v=usAx_I8rEY8
100,105억 투자 받은 신생항공사 에어프레미아는? 7분 air talks,https://www.youtube.com/watch?v=FLMR4vu__-s
101,[광주] 호남 기반 민간 항공사 '에어필립' 첫 날개 활짝,https://www.youtube.com/watch?v=VfSQte6INPI
102,항공사 직원의 여권 훔쳐보기 (feat.여행 어디까지가봤니???),https://www.youtube.com/watch?v=hKR8FLLuieA
103,"[남방동방채용초읽기] 중국항공사승무원면접, 국내랑 뭐가 다른데?",https://www.youtube.com/watch?v=7YjYxldu8Go
104,"가장 안전한 항공사의 실수, 싱가포르 006편.",https://www.youtube.com/watch?v=QS_rAq-YiLM
105,"[취재N팩트]   항공사 갑질 끝은 어디?... 델타, 가족 내쫓아 / YTN",https://www.youtube.com/watch?v=kw5eb0e71zY
106,"중국어| 장거리비행, 아주짧은Q&A, 중국항공사승무원 브이로그.",https://www.youtube.com/watch?v=Wzahl2gT-kg
107,대한항공에서 중국항공사로 스카우트 된 충격적인 파일럿 연봉- 트래블튜브,https://www.youtube.com/watch?v=Ap3eSQbSUvQ
108,중국동방항공의 현실_한국인 승무원 채용 중단?,https://www.youtube.com/watch?v=Xk8YXdBWmOA
109,에어버스 A380을 보유하고있는 항공사를 알아보자! (AIRBUS A380),https://www.youtube.com/watch?v=frNbMRos2R4
110,저가 항공사 이용시 반드시 주의 하세요,https://www.youtube.com/watch?v=3XP226WOI_8
111,승무원이 사랑한 HOTEL [항공사 때려친 언니들],https://www.youtube.com/watch?v=_NBGJCFhNlM
112,저비용항공사 신규 노선 확장 사활 무한경쟁 예고 / 연합뉴스TV (YonhapnewsTV),https://www.youtube.com/watch?v=pLwr3AuW6Ao
113,항공사별 월급 국내항공사 외항사 ( 대한항공 제주항공 에미레이츠항공),https://www.youtube.com/watch?v=tkZ2xq_XFlw
114,[항공사 E사 1등석 리뷰] 퍼스트클래스만 타는 100만 유튜버 샘 추이(Sam Chui) l 채널A 지구인라이브 1회 오리지널 영상,https://www.youtube.com/watch?v=HDZQNAj-H3s
115,일본 항공사 취업 가능할까?[ 호텔리어 복합 리조트 ],https://www.youtube.com/watch?v=a43dZCD_pEU
116, 미국항공사 승무원 VLOG #012 - 출근 전날 저녁 일상 | 비행준비 | 마음의 준비   ,https://www.youtube.com/watch?v=maej9mCoAW4
117,동남아/홍콩/중국항공사 채용 및 항공사별 특징,https://www.youtube.com/watch?v=gHV3SzVQzGI
118,유나이티드 항공사 실패사례,https://www.youtube.com/watch?v=E6-lcXxCKZk
119,[판결의 재구성]  하이힐은 안다  사라진 항공사 직원 | 사건상황실,https://www.youtube.com/watch?v=FmMXeen8DJ0
120,세계 최악의 항공사 TOP15 (북한 클라스에 지려버림),https://www.youtube.com/watch?v=jeCWh5SeQpM
121,ENG) Why quit Emirates?  애슐리가 에미레이트 항공사를 관둔 이유 + 수다 :),https://www.youtube.com/watch?v=TQkCakTeYSI
122,"그래서 , 어느 항공사 마일리지가 더 좋을까? 대한항공 vs 아시아나 마지막편",https://www.youtube.com/watch?v=Ti6RpSWnTNk
123,항공사가 숨기고 싶어하는 진실,https://www.youtube.com/watch?v=xw70PMThpy0
124,"한 항공사, 전직 군인에게 뚱뚱하다며 비행기에서 내리라고 해",https://www.youtube.com/watch?v=TXH6Qk1gwfY
125,9일 준비하고 에미레이츠 항공사 최종면접까지 갔다가 떨어진 이유,https://www.youtube.com/watch?v=wXaT6p7m88I
126,2019년 항공사 채용 예측_승무원 언제 뽑나요??,https://www.youtube.com/watch?v=TkEvopUXMZs
127,"1년 뒤 소멸 시작 항공사 마일리지, 이렇게 사용하세요!",https://www.youtube.com/watch?v=JApZCPZrnQg
128,비키니 입은 스튜어디스로 유명해진 항공사,https://www.youtube.com/watch?v=qv9rkzB3AAw
129,세계에서 가장 안전한 항공사와   (기종)은?,https://www.youtube.com/watch?v=dRBJGy6_fzc
130,"에어 인디아 항공사의 엔지니어, 엔진으로 빨려들어가, 즉사",https://www.youtube.com/watch?v=VM9LwIEQ5lY
131,"[KNN 뉴스]""증명사진 안봐요""...항공사 승무원 채용 신풍속",https://www.youtube.com/watch?v=gi04OffXEXc
132,[KNN 뉴스]에어부산 김해공항 최대항공사 부상,https://www.youtube.com/watch?v=rEGKk3kRKLo
133,소비자불만 최고 항공사는 필리핀 '에어아시아제스트',https://www.youtube.com/watch?v=4rGeyddut0Y
134,도입 예정 국내 항공사들도 '비상' 새 노선 계획 등 차질,https://www.youtube.com/watch?v=vNZyi_-MkvI
135,안전한 여행을 위한 세계에서 가장 안전한 항공사 순위 베스트 20_원모먼트,https://www.youtube.com/watch?v=EiX5cvFCnW8
136,"대한항공 아시아나항공, 항공사 면접에 대한 모든 것!",https://www.youtube.com/watch?v=iTdhym_Y-DY
137,항공사가 숨기고 있는 진짜 비밀,https://www.youtube.com/watch?v=-C4kbzXEhek
138,"[JOB정보센터 180920] 항공사 하반기 공채 시청자 질문 즉문즉답 / 춘천, 청주 지역 채용정보 / 히든챔피언스리그",https://www.youtube.com/watch?v=YzO7cnegrjc
139,[아경TV] 저비용항공사  기내 엔터테인먼트 서비스  도입  수익방어 나선다 ,https://www.youtube.com/watch?v=UGpPwB4AIlo
140,승객 끌어내린 항공사 갑질 인종차별 논란,https://www.youtube.com/watch?v=35Qurj2D--I
141,개인 전용 비행기 같이 작은 항공사 여객기를 타보았더니 ?,https://www.youtube.com/watch?v=Nhgwyfpkmo0
142,절대 금지! 무조건 피해야 할 세계에서 가장 위험한 항공사는?,https://www.youtube.com/watch?v=9zMz6TpBtUk
143,여행전 꼭 확인해야 할 최악의 항공사 TOP 10,https://www.youtube.com/watch?v=phGUsX7IEcg
144,"보잉 737 맥스 8 항공사별 보유현황, 예약 항공편 항공기종 확인방법",https://www.youtube.com/watch?v=I1-JNpxSCgQ
145,EBSe 생활영어 - EBSe Everyday English_항공사_#001,https://www.youtube.com/watch?v=knU-ZaqgB2A
146,국제선 3명 중 1명은 저비용항공사 이용 가격 따져보니,https://www.youtube.com/watch?v=dHHOA7Isl18
147,아시아나 항공 2019 면접 최신 꿀팁 part.1[항공사 때려친 언니들],https://www.youtube.com/watch?v=HgplXzZr7Hc
148,윙메이커 혜랑의 승무원 파헤치기! 국내 LCC 항공사 + 외항사 채용 절차 및 특징 알아보기!,https://www.youtube.com/watch?v=fnT-clFA5m4
149,신규 항공사 이륙도 안했는데 난기류 경영 갈등 / 연합뉴스TV (YonhapnewsTV),https://www.youtube.com/watch?v=Du9XIbEgC18
150,'보잉 737 맥스' 또 추락 한국 항공사들도 대량 구입 / 한국경제TV,https://www.youtube.com/watch?v=4C8KVwKFYkc
151,항공사 채용 트렌드 변화 [국내항공사 대한항공 아시아나항공 제주항공],https://www.youtube.com/watch?v=UgLh4Ft7nQs
152,양양 청주 인천 기반 '저가항공사 3곳' 출범 우려 시선도,https://www.youtube.com/watch?v=uiG1AvncQX4
153,리얼크루tv- 승무원준비 대형항공사vs저비용항공사,https://www.youtube.com/watch?v=siVoH5CayfM
154,A380 가장 많이 보유한 항공사는 어디???? (Feat. TOP10),https://www.youtube.com/watch?v=CJAUiwM9JsA
155,세계 항공사 항공기 보유 대수 TOP10,https://www.youtube.com/watch?v=a_Dz5EakL78
156,필리핀항공사에 대해 알아보자(ft.에어아시아 후기),https://www.youtube.com/watch?v=3BbxGTREgDw
157,기내식 맛있어서 또 타게 되는 항공사 10,https://www.youtube.com/watch?v=pekfJC9B-L4
158,[1화] 항공사 직원이 되면 좋은 점 (feat. 파격적인 티켓가격 공개??!),https://www.youtube.com/watch?v=DXnXfyUZZCA
159,여자가 항공사에서 할 수 있는 일,https://www.youtube.com/watch?v=J0CCyljmK5A
160,[성공취업 X-File 170707] 항공사 취업 가이드 - 국내 대형 항공사 분석/ 최지연 (취업컨설턴트),https://www.youtube.com/watch?v=YpsmdRva2wQ
161,승무원이 찾는 여행지는? 항공사들 체험 마케팅 경쟁 / 연합뉴스TV (YonhapnewsTV),https://www.youtube.com/watch?v=Ry1KvqQnXDs
162,세계최악의 항공사,https://www.youtube.com/watch?v=PALYvAxi-BI
163,PlaneSpotting ICN 각항공사 랜딩장면 인천공항 4K,https://www.youtube.com/watch?v=X1ZWRKFJ3Pw
164,"[취준생 브이로그] 세번째 항공사 서류합격 ,대한항공 서류합격, 승무원 면접준비, 스타벅스  [vlog][일상]",https://www.youtube.com/watch?v=0pGaSZhS8Jg
165,"Q&A , 첫번째 #중국항공사 월급?이직? 지원했던 항공사, 슬럼프?",https://www.youtube.com/watch?v=aFEJrCD2T5M
166,꼭 피해야 하는 최악의 항공사 12곳 - 여행 알고가자 by 여행이,https://www.youtube.com/watch?v=XyIkp1QJ72o
167,항공사 메이크업 바꿔치기(ft.얼굴 창조)[항공사 때려친 언니들],https://www.youtube.com/watch?v=aBJrdvOGKCI
168, 비행 중 위급상황 part.2  [항공사 때려친 언니들],https://www.youtube.com/watch?v=hEjmiOa3P-g
169,취업방송  항공사 취업도전 디바제시카(Deeva Jessica),https://www.youtube.com/watch?v=48E0KeZlB_w
170,2019년도 저비용항공사 사업방향은?,https://www.youtube.com/watch?v=mqgiDiDtU5g
171,지나치게 섹시한 복장 때문에 항의받은 항공사?,https://www.youtube.com/watch?v=5kW4w995kKE
172,에어아시아 (저비용 항공사) 편하게 타는 꿀팁,https://www.youtube.com/watch?v=wic8YKn5wUU
173,"[단독] ""영화같은 사기"" 항공사 조종사 행세 남성 또 범행 / YTN",https://www.youtube.com/watch?v=0VUZhOQXkX0
174,중국항공사 승무원이 알려주는 중국어공부 방법 2 |한국에서도 야무지게 공부하자!,https://www.youtube.com/watch?v=uLBIgh3OsnU
175," 보잉 737 맥스  국내 비행 영공 통과 금지 항공사, 대책 고심 / KBS뉴스(News)",https://www.youtube.com/watch?v=0uFfPsEdgL0
176,파란만장했던   조양호 회장 50년 항공사,https://www.youtube.com/watch?v=RpEqkXjZRWo
177,"아메리칸 항공사, 승객 사망할 지경인데도 가까운 공항으로 착륙시도 안해, 결국 고소당해",https://www.youtube.com/watch?v=CtPKF7EgWao
178, 7시간 지연도 참아  저가항공사 배짱영업,https://www.youtube.com/watch?v=hZ4GAQRkR2A
179,"국토부, 정시성 우수 항공사 발표 대한항공 에어부산 '최우수' (2018.11.01/뉴스투데이/MBC)",https://www.youtube.com/watch?v=eNxT21xupGU
180,[주식투자] 아시아나항공 자구책 제시 저가항공사 급등 에어부산 한국공항 아시아나IDT,https://www.youtube.com/watch?v=jOaYyTwiIS8
181,[홍익인간 인성교육] 7898강 국내 항공사 승무원 시험 준비(1_2),https://www.youtube.com/watch?v=lRRiYpcwGtE
182,자리 모자랄 땐 항공사 소속 승객이 먼저 내린다 / YTN,https://www.youtube.com/watch?v=v9lnc1jkQXI
183,신규 항공사 이륙도 안했는데 난기류 경영 갈등 / 연합뉴스TV (YonhapnewsTV),https://www.youtube.com/watch?v=Du9XIbEgC18
184,[뉴스프리즘 다시보기] 소비자 혜택 확대 vs 출혈경쟁 저비용 항공사 빛과 그림자는?,https://www.youtube.com/watch?v=zlSKnbiFtWE
185,2019년 신규 LCC(저가항공사) 선정 관련주 및 신규취항노선 분석,https://www.youtube.com/watch?v=gkC0xv0zHvs
186,[성공취업 X-File 171201] 항공사 취업 가이드 - 승무원이 되는 Know How II/ 최지연 취업컨설턴트,https://www.youtube.com/watch?v=zj7rMxlmvS4
187,또 여객기 추락 사고-세계에서 안전도가 가장 낮은 항공사는 고려항공,https://www.youtube.com/watch?v=bWgxJbzZEY0
188,[영어면접] 대표 항공사 스튜어디스 합격자 언니가 말해주는 팁!,https://www.youtube.com/watch?v=Ym5GdKTQe9E
189,제주항공 저비용항공사 최초로 상장,https://www.youtube.com/watch?v=-LJjOOp9SnA
190,댓글에 답해드립니다[항공사 때려친 언니들],https://www.youtube.com/watch?v=pXKjRXGwjvs
191,가장 좋은 항공사 베스트 TOP 10 #2016,https://www.youtube.com/watch?v=GPJSc8omI-w
192,항공사/항공운항과 자기소개서 작성팁!!,https://www.youtube.com/watch?v=Lws0h3lwx9U
193,우리나라 항공사 항공기 보유대수,https://www.youtube.com/watch?v=F5khG2ceuIQ
194,승무원 혹사에 과적까지...안전위반 항공사에 과징금 / YTN,https://www.youtube.com/watch?v=nypggbznq4g
195,[오늘의 1면] 아시아나 항공사 3개 통째로 매각  2019년 4월 16일 / 조선일보,https://www.youtube.com/watch?v=krIosG1ZCXY
196, 항공사 마일리지  소멸 임박 좌석 5% 의무 배정 / KBS뉴스(News),https://www.youtube.com/watch?v=uyg3QkhzaBU
197,9번째 항공사 이륙 준비 과당 경쟁 우려도 / 연합뉴스TV (YonhapnewsTV),https://www.youtube.com/watch?v=p4KP2G0k-ZQ
198,9번째 항공사 이륙 준비 과당 경쟁 우려도 / 연합뉴스TV (YonhapnewsTV),https://www.youtube.com/watch?v=emLM8YVcUoI
199,아시아나 항공 항공승무원 공채전략 (항공사 공채특집 '합격의 날개')_JOB정보센터,https://www.youtube.com/watch?v=5cvEtJFHIu4
200,[Ranking Up] 세계 항공사 순위 TOP 10[오타수정],https://www.youtube.com/watch?v=y3dIOERnG9I
201,[짧은 Q&A]미국항공사는 승무원에게 하우징을 제공하나요?,https://www.youtube.com/watch?v=PICJVJ0l0Is
202,대한항공승무원 2차임원면접 및 모든 항공사 면접 준비방법,https://www.youtube.com/watch?v=aa8NuGEgnhY
203,북미항공사의 대반전! 에어캐나다 B787-9 비즈니스석 리뷰 / Air Canada B787-9 Business Class Review,https://www.youtube.com/watch?v=s-BRiqsZFn8
204,"툭 하면 '결함', 지연 출발 잇따라 휴가 망치는 항공사",https://www.youtube.com/watch?v=jqTiogUGqro
205,항공사는 데려다주면 끝인가요? NEW FACT #12,https://www.youtube.com/watch?v=4AXiHXIySZk
206,"[칭다오VLOG] 1편_항공사 지상직원, 퇴근 후 급 칭다오여행",https://www.youtube.com/watch?v=ADlI9lETiWM
207,"친자매가 말하는 KLM, 대한항공 , 카타르 항공 비교! (승무원 성격, 연봉 , 시니어리티, 근무 환경, 제2외국어?)",https://www.youtube.com/watch?v=Di9MiiMB2hI
208,인천서 항공사 기내식 시설 공사현장 큰불...2명 연기흡입 / YTN,https://www.youtube.com/watch?v=-lr4OphQUT0
209, 저비용 항공사  3곳 추가 하늘길 경쟁 치열 / KBS뉴스(News),https://www.youtube.com/watch?v=zn7b_DNRzJQ
210,"저비용 항공사들, 차세대 항공기 도입 ""더 멀리 난다""",https://www.youtube.com/watch?v=tMroiQTuAhI
211,A항공사 승무원 면접후기(FLIGHT ATTENDANT INTERVIEW REVIEW),https://www.youtube.com/watch?v=wkdtltgJATk
212,"사우스웨스트 항공사, 유리창에 균열생겨 항로 변경해 긴급 착륙",https://www.youtube.com/watch?v=GooEcBdUo3E
213,"  항공사, 이번엔 '케이크 말다툼' 일가족 쫓아내 / YTN",https://www.youtube.com/watch?v=c56lwbxcaQg
214,항공사 여승무원 복장 불편 호소 / YTN,https://www.youtube.com/watch?v=I-gMuYqkn7U
215,Budget Airlines available in the Philippines - 필리핀 저가 항공사,https://www.youtube.com/watch?v=Yt1gzwQ4pxc
216,[아보카도] TOP 10 | 일등석 | 퍼스트 클래스 순위 | 대한항공 vs 아시아나항공 | 항공사 럭셔리 끝판왕!!,https://www.youtube.com/watch?v=hJzJU3if9jo
217,저비용항공사 6개 더? 출혈경쟁에 승객 뒷전 우려 / 연합뉴스TV (YonhapnewsTV),https://www.youtube.com/watch?v=IrkwvCg6zR0
218,[병맛 더빙 오우야] 일본 피치 항공사 병맛 일본광고 더빙!,https://www.youtube.com/watch?v=CU2nYRVBHWc
219,유나이티드 항공사 '사과' 전 세계 논란에 태도 돌변 / SBS / 주영진의 뉴스브리핑,https://www.youtube.com/watch?v=gBOP74o3D2U
220,[7월 3일 | 김앵커 한마디] '괜찮은' 항공사는 없습니까?,https://www.youtube.com/watch?v=alHXoSqGBXI
221,항공사를 상대로 산재 신청한 승무원 (2),https://www.youtube.com/watch?v=RxOwHjQZIUU
222,승무원 머리하는 법 이것만 보세요[항공사 때려친 언니들],https://www.youtube.com/watch?v=Hw6N23o6m2g
223,"[주식투자] 저비용항공사(LCC) 3곳 신규선정! ""시장성장-경쟁심화 어느 쪽일까?""",https://www.youtube.com/watch?v=8_Fjta6ImYM
224,저가항공사 불만 김항섭 박재정,https://www.youtube.com/watch?v=NyFX7hjRJw8
225,저비용항공사 '선착순' 대기표에 승객 분통 / YTN,https://www.youtube.com/watch?v=Dc7FBFJmRrc
226,"[뉴스터치] ""10kg 안 넘는다"" 항공사 직원 폭행 (2019.04.15/뉴스투데이/MBC)",https://www.youtube.com/watch?v=DzqxtOACTA0
227,외국항공사 항공승무원 공채전략 (항공사 공채특집 '합격의 날개')_JOB정보센터,https://www.youtube.com/watch?v=TlMFc_NuznY
228,[7회] 미국 항공사들은 왜 샌드위치 경쟁을 했나?,https://www.youtube.com/watch?v=_XAUyQkC4Mk
229,이제 2차 면접 준비하셔야죠?[항공사 때려친 언니들],https://www.youtube.com/watch?v=zWZKzcLcrxw
230,항공사 승무원이 출퇴근 때 유니폼을 입는이유 BEST5,https://www.youtube.com/watch?v=aTjt8FeWgqw
231,"대한항공, 아시아나항공, 항공사 갑질사태로 길거리로 몰려나온 수많은 좐도들, 68.0069",https://www.youtube.com/watch?v=Pk3ln5n35ew
232,에어로 K 청주공항 거점 항공사 초읽기 MBC충북 NEWS,https://www.youtube.com/watch?v=k1imeejanBg
233,저비용항공사 '10년'...빛과 그림자 / YTN,https://www.youtube.com/watch?v=ObLhSlG1ERM
234,   [Eng Sub] Cabin crew vlog | 외국항공사에서 비행하는 한국인 승무원의 한국 비행 + 기내방송,https://www.youtube.com/watch?v=gg0qJLQW9z4
235,항공덕후 모여라! 간지나는 A380 항공기모형 리뷰! 항공사 마일리지 활용법을 알아보자  설명리뷰 빈사부,https://www.youtube.com/watch?v=COj38d-ix4o
236, 경 축  정부에서 항공사 마일리지를 개선 했다고?  어디가시나영,https://www.youtube.com/watch?v=US7WuRaajh4
237,더 안전하고 더 빠르게 항공사들 차세대 항공기 경쟁,https://www.youtube.com/watch?v=hf5qy1dhlvs
238,항공사에 이 영상 걸리면 X됩니다[항공사 때려친 언니들],https://www.youtube.com/watch?v=EZeeIk__qXE
239,키리타니 미레이 (    )와 귀여운 어린이가 함께 한 항공사 광고(자막포함),https://www.youtube.com/watch?v=Y3EhIabpEP4
240,국내항공사 vs 외항사   승객이 짐을 올려달라고 한다면? 캐빈크루 스토리  ,https://www.youtube.com/watch?v=uer6FSH41qk
241,[직장인 브이로그]항공사 지상직의 하루 - 올데이근무편,https://www.youtube.com/watch?v=0nYPFuDMHZo
242,'연예인 봤으니' 내린다? 항공사들 위약금 올리기로,https://www.youtube.com/watch?v=7WJ1ULqZSnk
243,"사이판공항 ""다음달 25일까지 운항재개 불투명""...항공사 비상 / YTN",https://www.youtube.com/watch?v=nPODzuqjtZY
244,최악의 항공사로 뽑힌 고려항공 '요것'만은 예외,https://www.youtube.com/watch?v=5lAbQqBPaIU
245,"(2010.09.15) 저가항공사, 만족도 높아",https://www.youtube.com/watch?v=ofLPh1oE9tg
246,왜 혼행족을 케어해주는 항공사는 없어요? NEW FACT #07,https://www.youtube.com/watch?v=BRD75Tb5Vhs
247,국내항공사 지원자 분들께 드리고 싶은 당부,https://www.youtube.com/watch?v=iNYwdEw8m2g
248,"승객 난동에 회항 ""항공사에 연료비 배상""",https://www.youtube.com/watch?v=BTQoM7BbQfo
249,저비용항공사 3개 더 생긴다 9개로 증가 / 연합뉴스TV (YonhapnewsTV),https://www.youtube.com/watch?v=6ojut7MZk8U
250,[데일리핫이슈] 보잉737맥스의 국내항공사 도입 예정?? 항공주들 하락세 _김지연 아나운서,https://www.youtube.com/watch?v=gFaiEy-zFwc
251,비키니 항공사가 제작한 2018년 달력은 어떨까? (후방주의),https://www.youtube.com/watch?v=3EOQMQCBVUk
252,김해공항 질주사고...운전자는 항공사 직원 / YTN,https://www.youtube.com/watch?v=55mgTt98aA4
253,"사이판공항 ""다음달 25일까지 운항재개 불투명""...항공사 비상 / YTN",https://www.youtube.com/watch?v=pfYJvO1qYg4
254,남승무원 외항사 국내항공사,https://www.youtube.com/watch?v=Er-QMra9bD0
255,여러분 승무원 되셔야합니다 [항공사 때려친 언니들],https://www.youtube.com/watch?v=S6LZRjd9I0A
256,카타르 항공 승무원의 혜택 ( 장점 : 중동항공사 스튜어디스 ),https://www.youtube.com/watch?v=9FactJORzFY
257,내년부터 항공사 마일리지 '소멸' 막상 쓰기도 어려워 (2018.08.20/뉴스투데이/MBC),https://www.youtube.com/watch?v=gRo95-nFeBg
258,외항사 승무원의 아시아나 메이크업 도전?! [항공사 때려친 언니들],https://www.youtube.com/watch?v=skzyURroS94
259,항공사 예약하기,https://www.youtube.com/watch?v=IIEUtRM_hXA
260,MBC충북 NEWS 170125 청주공항에 저비용 항공사 설립 추진,https://www.youtube.com/watch?v=YWYZeoC2Cnw
261,"저가항공사의 차별화 전략, 이색 '펀 서비스'",https://www.youtube.com/watch?v=f0wE-7OdU-8
262,"1000억원 소멸되는데 ""항공사 마일리지 쓸 곳 없다"" 소비자 분통",https://www.youtube.com/watch?v=eF0q58e2Hfs
263,청소년체험관 항공사 조종실,https://www.youtube.com/watch?v=cG30ooWi9QU
264,[기업] 에어서울 11일 취항 저가 항공사 6개로 증가 / YTN (Yes! Top News),https://www.youtube.com/watch?v=vHfJ7cRljrM
265,"중국항공사 승무원의 평범한 일상 브이로그 | 비행, 마라샹궈 ,딜레이,비행기에서 연예인 만난 이야기.",https://www.youtube.com/watch?v=SdqnZZzGFAw
266,"휴가 망치는 항공사 국적기, 이틀간 5건 출발 지연",https://www.youtube.com/watch?v=6hNgaJS_tQc
267,"제주항공, 진에어, 이스타, 티웨이 항공승무원 공채전략 (항공사 공채특집 '합격의 날개')_JOB정보센터",https://www.youtube.com/watch?v=HNpOP2qnaeA
268,"인도 항공사, ""뚱보 OUT"" 승무원 비행 금지 논란 / YTN",https://www.youtube.com/watch?v=OEd3XN4v588
269,'사고 단골' 저가항공사 긴급 실태점검,https://www.youtube.com/watch?v=xvQbmxcgBdM
270,"유럽 저가항공사, '맨바닥 취침' 사진 연출 승무원 6명 해고 / 연합뉴스 (Yonhapnews)",https://www.youtube.com/watch?v=NJbmHpUJgg8
271,청주공항 거점 저비용항공사 준비...항공면허 취득 숙제 / YTN,https://www.youtube.com/watch?v=1FRkMD_A28I
272,  항공사의 영입 경쟁이 부채질한   조종사 파업 / YTN (Yes! Top News),https://www.youtube.com/watch?v=xN01TDUHqY0
273,항공사 '갑질' 속에 돋보인 열혈 여승무원 / YTN,https://www.youtube.com/watch?v=ktYJRuKd4P4
274,[뉴스후] 난기류 만난 양대 항공사 포스트 박삼구 조양호 시대 어떻게? / 머니투데이방송 (뉴스),https://www.youtube.com/watch?v=tIZxn23zlP8
275,ENG) 중동항공사 메이크업 & 헤어/Flight Attedant make up tutorial:D,https://www.youtube.com/watch?v=4powaVPQjQ0
276,꼭 줄을 세워야만 했나?...저비용항공사의 이상한 대기시스템 / YTN,https://www.youtube.com/watch?v=OFQkbRCjQzc
277,승객 질질 끌어내린 항공사...도 넘은 '오버부킹' / YTN (Yes! Top News),https://www.youtube.com/watch?v=l2X7cXCYfbM
278, 항공사 마일리지 200억  소멸 임박  좌석 5% 의무 배정  / KBS뉴스(News),https://www.youtube.com/watch?v=MqwZ94RFYaE
279,JIBS 820뉴스 또 저가항공사 사고1월9일,https://www.youtube.com/watch?v=BNWxvBY-9vI
280,"[쏘왓] 있어도 못 쓰는 마일리지, 없애면 항공사 자산?",https://www.youtube.com/watch?v=mvLeQ6fvQug
281,항공사 고객 vs 승무원 누구 잘못??,https://www.youtube.com/watch?v=ficLqqAWa5g
282,대형 항공사 항공기 도입 경쟁 저가항공사들도 도전 / 연합뉴스TV (YonhapnewsTV),https://www.youtube.com/watch?v=sQJXyA_drtc
283,우리나라의 모든 항공사에 대해,https://www.youtube.com/watch?v=w2RKz_6pt8g
284,"저가항공사, 승객들에게 부과하는 추가요금에서 얻는 수입이 짭짤해",https://www.youtube.com/watch?v=2PnSVsb-e6U
285,기내항공사랩,https://www.youtube.com/watch?v=NfCzW-Fye9o
286,[뉴스데스크]진에어 취항..저비용 항공사 전성시대,https://www.youtube.com/watch?v=rXttR128F7g
287,[KNN 뉴스] 김해공항 저비용항공사 격전지,https://www.youtube.com/watch?v=ANkkjPEEGdI
288,"  승무원이 매년보는 시험 #리커런트, 중국항공사 특징(!), 시험끝나고 지름신영접(?), 전세계 모든 외노자 화이팅!! ",https://www.youtube.com/watch?v=8YdW8RVJvtc
289,국내항공사) 압박/돌발질문,https://www.youtube.com/watch?v=EQkTcRllP9U
290,"'오버 부킹'   항공사, 승객 강제로 끌어내려 논란 / YTN (Yes! Top News)",https://www.youtube.com/watch?v=uOOGdcx8lDQ
291,2019 상반기 공채 속성 플랜[항공사 때려친 언니들],https://www.youtube.com/watch?v=YfkP2rkd8QU
292,저비용 항공사 잇단 사고...특별 안전 점검 / YTN,https://www.youtube.com/watch?v=PfkCsIAjcoY
293,중동 항공사 단점 카타르항공 스튜어드 스튜어디스 면접 기출 후기 승무원 비밀 씨크릿,https://www.youtube.com/watch?v=iqa2530QXbw
294,외국항공사 승무원 얼마나 영어를 잘해야 항공사에 지원 합격할 수 있을까? How Well Do You Speak English as cabin crew?,https://www.youtube.com/watch?v=j_CvEPDXkwU
295,암환자 쫓아낸 미국 항공사 비난 쇄도,https://www.youtube.com/watch?v=5tWNNvZlI58
296,하늘길을 선점하라! 항공사 '몸집 불리기' 경쟁 / YTN,https://www.youtube.com/watch?v=VQoIoYq35ho
297,[성공취업 X-File 171110] 항공사 취업 가이드   2017 티웨이항공 10대 뉴스/ 최지연 컨설턴트,https://www.youtube.com/watch?v=H7tNtQbnPXk
298,"대한항공, 국적항공사 최초 이란에 직항 띄운다",https://www.youtube.com/watch?v=5DV8B_YND0A
299,*전생을보는무당*항공사승무원 외국으로다녀!,https://www.youtube.com/watch?v=2bwgSbIRnCQ
300,"전세계 '보잉 공포' 확산 보잉 ""항공사 인도 중단"" / 연합뉴스TV (YonhapnewsTV)",https://www.youtube.com/watch?v=WYF1EeHIh_E
301,1인칭시점으로 표현한 항공사 광고 Delta Airlines,https://www.youtube.com/watch?v=y7fGqOv1RQ0
302,간사이공항 국내항공사 출국수속까지 어디로~,https://www.youtube.com/watch?v=dQ4lE3S7WDw
303,해군 조종사들도 비행시간 '슬쩍' 전역 후 대형항공사 취업,https://www.youtube.com/watch?v=jLRtr3QhJeA
304,아시아나 항공 2019 면접 최신 꿀팁 part.2[항공사 때려친 언니들],https://www.youtube.com/watch?v=V755e2Jm-FU
305,양양 청주 인천 거점 '신규 저비용항공사' 기대 우려 공존,https://www.youtube.com/watch?v=vkNlWbxZB84
306,항공사 직원의 티켓 가격은? (직접인증함),https://www.youtube.com/watch?v=Tk4DipK_WdU
307,양대 항공사 위기...닮은꼴 조사 쟁점은? / YTN,https://www.youtube.com/watch?v=MdWszR2ETsU
308,일본 출국 피치항공사,https://www.youtube.com/watch?v=9moeQmZH9fA
309,그짝 동네 에어필립 지방항공사 엄일석 회장 다단계사기꾼,https://www.youtube.com/watch?v=CXdf3YNVy_A
310,항공사의 숨은 서비스 6가지,https://www.youtube.com/watch?v=QxIjhUMkxbI
311,제주항공 채용 자소서 꿀팁! (    항공사 중 왜 제주인가? 제주항공에서 어떤 내용을 풀어내야하나? 롤플레잉 답변 방법은?),https://www.youtube.com/watch?v=-kfl3HxnMiA
312,미국 항공사 비행기 조종사 보잉 767 이륙 장면 조종실 실제 내부 모습 영상,https://www.youtube.com/watch?v=7koMOxtZqoU
313,"오만한 보잉의 위기, 세계 24개 항공사가 사고기종 비행금지 조치!",https://www.youtube.com/watch?v=G2Zg3La3Wkw
314,[단독] 항공사에 3차례 구급차 요청했지만 '응급 아기' 숨져,https://www.youtube.com/watch?v=Xy74o-Y4g4s
315,[늘스타] 세계의 승무원 유니폼을 알아보자!,https://www.youtube.com/watch?v=_GFPTr5N2QQ
316,'갑질'하면 항공사 임원 자격 신규 운수권 박탈 / YTN,https://www.youtube.com/watch?v=NOTdL071vgU
317,세계의 여러 항공사,https://www.youtube.com/watch?v=HgMCtBKEc8g
318,"안전하게 질질 끌려나가는 경험, 이제 유나이티드 항공사와 함께 어떠세요?",https://www.youtube.com/watch?v=PdjfUOERCr0
319,극한직업 항공사 승무원! 여자친구 최고의 직업이라고? 국외항공사 승무원의 모든 것! | 싱글즈 인터뷰,https://www.youtube.com/watch?v=bdWRC9EW-n8
320,"[경제] ""라면 쏟아 화상"" 항공사 승무원에 2억 소송 (SBS8뉴스|2015.07.26)",https://www.youtube.com/watch?v=xdQDRBwlenc
321,[생생] LCC 항공사 생존을 위한 치열한 전쟁이 시작된다-허희영 한국항공대학교 교수 3..../ YTN 라디오,https://www.youtube.com/watch?v=vIAqz_HQiic
322,승무원에게 비키니 입힌 항공사의 2018년 캘린더가 화제다!!,https://www.youtube.com/watch?v=iejrxZv1NT8
323,항공사 3개 신규 승인 저비용항공사 9곳으로 늘어 / KBS뉴스(News),https://www.youtube.com/watch?v=VJV-IGERxRs
324,"미 항공사 ""레깅스 차림 탑승 안돼"" 탑승불허 논란 / 연합뉴스TV (YonhapnewsTV)",https://www.youtube.com/watch?v=YIUfVikbDuc
325, 미국인 조현민 항공사 사실상 지배는  불법   국토부 감사 / KBS뉴스(News),https://www.youtube.com/watch?v=eQ_v-Pu2ru4
326,항공사 기업 분석 - 대한항공 면접대비 - 1강 오리엔테이션 및 회사 개요 (Air24 최지연),https://www.youtube.com/watch?v=N7b5IXUM4GU
327,경악 !! 베트남 항공사 비키니 쇼,https://www.youtube.com/watch?v=XdQUJKKwvnY
328,대한항공 vs 아시아나 항공! 어디가 더 좋을까?_[센서 스튜디오],https://www.youtube.com/watch?v=pc939Y5gFwU
329,스카이트랙스에서 선정한 5성급 항공사 10개,https://www.youtube.com/watch?v=4p-QjdEZAX4
330,"에미레이트 항공사, 초호화 객실 선보여, 운전사 딸린 벤츠까지 제공",https://www.youtube.com/watch?v=Bkg6DLQR2h0
331,  압박에...  주요 항공사 '타이완' 표기 삭제 / YTN,https://www.youtube.com/watch?v=gDcKQ_W_oXg
332,폭력 행사해 승객 끌어내린   항공사 이틀 만에 사과 / SBS,https://www.youtube.com/watch?v=6KQHNb6aYfM
333,유럽항공사 채용 & 항공사별 면접 체크포인트 !,https://www.youtube.com/watch?v=d3oyHwpx38E
334,(2010.12.03) 최고상 휩쓴 한국 항공사,https://www.youtube.com/watch?v=VuyOtXqHF0k
335,"북한 고려항공 승무원이 초미니 스커트를 입은 이유, 꼴찌 항공사 고려항공의 살기위한 몸부림",https://www.youtube.com/watch?v=pSYfIyN6JZA
336,"""직원 자리 필요해"" 승객 폭행하고 끌어낸   항공사 / SBS",https://www.youtube.com/watch?v=__UyvupCEZ8
337,[최초공개] 인천공항에 출근하기 (feat.항공사 직원),https://www.youtube.com/watch?v=J2IAdE1cnKg
338,'사투리에 여성전용 화장실까지'...저비용항공사 이색 마케팅 / YTN,https://www.youtube.com/watch?v=W_87Gyworj0
339,울산큰고래' 게리모드 상황극: 항공사 승무원 상황극,https://www.youtube.com/watch?v=YoFmx0DJF2g
340,[AIR SEOUL 리뷰] 항공사 리뷰를 해보았습니다! 너무 개꿀 항공사 인듯,https://www.youtube.com/watch?v=U8dvO8aFgFA
341,캐세이 퍼시픽 항공 공채 무조건 정독[항공사 때려친 언니들],https://www.youtube.com/watch?v=ykuDbyTCjb8
342,'아는 것이 힘'...저비용 항공사 '더 싸게' 이용하는 팁 / YTN (Yes! Top News),https://www.youtube.com/watch?v=-gPVn57hoiA
343,국내 항공사들 잇단 안전사고에 '경고 카드' 받아,https://www.youtube.com/watch?v=6VGlcau9yPk
344,"  항공사 또 '갑질' 논란 ""강제로 유모차 빼앗아"" / SBS",https://www.youtube.com/watch?v=CrfQCmf5w2s
345,폭행 횡령하면 최대 5년간 항공사 임원 못한다 / YTN,https://www.youtube.com/watch?v=Z--okrORT9Y
346,항공사에서 승객들에게 감추고 있는 사실,https://www.youtube.com/watch?v=3K5eE-5RkWo
347,[뉴스투데이]저비용항공사 무안국제공항 입성,https://www.youtube.com/watch?v=TbRZrPHMLvc
348,대구 저가항공 승객 국적 항공사 앞섰다,https://www.youtube.com/watch?v=DRCkMmSekGo
349,[항공사 때려친 언니들] 초심 영상 우리 이렇게 시작했어요,https://www.youtube.com/watch?v=rS4wTj5VGYM
350,2018 세계 10대 항공사,https://www.youtube.com/watch?v=EkU1CY1RDzw
351,이스타젯 매거진 분석( 항공사 기내 잡지로 기업 분석하자 ),https://www.youtube.com/watch?v=Iiht42GgHvw
352,짐처럼 승객 끌어낸 미 항공사 전세계적 보이콧 확산,https://www.youtube.com/watch?v=sQl7oPi5v7w
353,세계 항공사 브랜드 가치 (2017) 순위 TOP10,https://www.youtube.com/watch?v=2CmhmL_2OUk
354,쌓인 항공사 마일리지 2조 원 3년 뒤면  소멸 ,https://www.youtube.com/watch?v=5X9YQxx_H4s
355,저비용항공사 3곳 신규 선정...LCC 경쟁 과열 / YTN,https://www.youtube.com/watch?v=yM7yRewYN6I
356,[중국항공사승무원AtoZ] 남방/동방항공 채용 언제날까? 합격자 이미지는?,https://www.youtube.com/watch?v=DnW0r6Nom_4
357,미 항공사 또 '갑질' 유아 2명 데리고 탄 부부 내쫓아 / 연합뉴스TV (YonhapnewsTV),https://www.youtube.com/watch?v=R7tF7fe5GS4
358,"유나이티드 항공사, 예측불가한 난기류 만나, 12명의 사람들 병원행",https://www.youtube.com/watch?v=jRAUQA8nVDk
359,라오스항공사 직원하고 대판싸워써여...아직도 열받아,https://www.youtube.com/watch?v=7psNUct6_yo
360,광주 전남 기반 첫 민간 항공사 날개 달았다 / YTN,https://www.youtube.com/watch?v=loN209pt3Qk
361,"소비자원 ""저가항공사 만족도 1위 티웨이""",https://www.youtube.com/watch?v=wiGkiYqxv4E
362,항공사 '갑질' 속에 돋보인 열혈 여승무원 / YTN,https://www.youtube.com/watch?v=B4EP26jgEkw
363,"""너, 너, 너, 못 타"" 한인 일가족이 당한   항공사 갑질 / YTN",https://www.youtube.com/watch?v=KSsTuZvyqJI
364,[성공취업 X-File 170711] 항공사 취업 전략 - 국내 저가 항공사 분석/ 최지연 (취업컨설턴트),https://www.youtube.com/watch?v=aZCaQtZ1HNs
365,멀티온 창업*구매문의 080 6423 6423 항공사 2년과정 코스 영국 대학에서 유학 항공사 입사자격 모든 조근 자격증 취득 (비전채널 멀티온),https://www.youtube.com/watch?v=hIDvFAAibDs
366,호남 기반 항공사  에어필립  공식 취항,https://www.youtube.com/watch?v=Nu4E_G4iVFU
367,"베트남 저가 항공사 비엣젯, 박항서 대표팀 귀국 특별기서  비키니 쇼  [씨브라더]",https://www.youtube.com/watch?v=-hU300gtjxo
368,미국 교환학생 시작 ! 중국에서 24시간 경유하며 항공사 무료 호텔 이용하기   HEELOG 희로그,https://www.youtube.com/watch?v=PhIDf8O_qCI
369,[성공취업 X-File 171027] 항공사 취업 가이드 - 2017 에어부산 10대 뉴스/ 최지연 컨설턴트,https://www.youtube.com/watch?v=oBHUwZ5ZEx4
370,저비용항공사 지원해야하는 까닭 2016 02 22,https://www.youtube.com/watch?v=EYI3UlJ8aXU
371,"항공사 여승무원들 뿔났다! 신원미상의 제인도에서 당당하게 얼굴공개!, 오늘의 영어단어 제인도 배워볼까요?, 68.0070",https://www.youtube.com/watch?v=VCkl_ss-JYk
372,무료 지식 공유 프로젝트 [ 인스타그램으로 분석한 국내 항공사 ],https://www.youtube.com/watch?v=0ehgMWQxYz0
373,"'수하물 파손 모르쇠' 저가항공사, 공정위 나서자 시정",https://www.youtube.com/watch?v=aOllxQC93ao
374,항공사를 개인 택배사처럼 이용 큰 물품은 '허위 신고',https://www.youtube.com/watch?v=0JEqNl2Uukg
375,"  항공사, 이번엔 '케이크 말다툼' 일가족 쫓아내 / YTN",https://www.youtube.com/watch?v=l-CNYSvYHiI
376,"소형항공사 에어필립, 에어포항은 뭘까요? 7분 air talks",https://www.youtube.com/watch?v=ym3eUgLoO-c
377,하루종일 일이 안풀려...! 중국어로 ? | 중국항공사 승무원이 알려주는 중국어 한마디,https://www.youtube.com/watch?v=tvjziIPu6BY
378,진에어 항공사 지원해야하는 까닭 2016 02 25,https://www.youtube.com/watch?v=r-gv1TUOhrE
379,국내 저가항공사 더 늘어날 듯,https://www.youtube.com/watch?v=cWvOt55UCbU
380,신규 LCC 면허심사 시작 4개 항공사 '출사표' / 연합뉴스TV (YonhapnewsTV),https://www.youtube.com/watch?v=0nVyzZ7VwGo
381,미 항공사 또 '갑질' 유아 2명 데리고 탄 부부 내쫓아 / 연합뉴스TV (YonhapnewsTV),https://www.youtube.com/watch?v=_hhgaBsSwJw
382,[고김치] 전교꼴지에서 외국항공사 승무원? 누구나 승무원이 될 수 있다 [중동 외항사 남자승무원],https://www.youtube.com/watch?v=mRHw4sqndrg
383,항공사 '갑질' 속에 돋보인 열혈 여승무원 / YTN,https://www.youtube.com/watch?v=dTCGHr4RQ3I
384,베트남항공사의 따뜻한 인간애,https://www.youtube.com/watch?v=KMO7rx7UhaI
385,보잉737 맥스8 '붕 뜬' 도입 일정 항공사들 '비상',https://www.youtube.com/watch?v=hPlECX3cers
386,외국계 항공사 소비자 피해 급증...일본 피치항공 1위 / YTN,https://www.youtube.com/watch?v=31ZXWj8R--o
387,"대한항공, ATW 리포트에서 전세계 최고 실적 항공사로 선정 / 머니투데이방송 (뉴스)",https://www.youtube.com/watch?v=X6soRA0NMQI
388,전직 외국 항공사 승무원의 영어 혼자 말하기,https://www.youtube.com/watch?v=cZBTX3QkiJw
389,구현화 기자의 장바구니즈 _항공사 마일리지 적립 팁,https://www.youtube.com/watch?v=UiHolsDSOYU
390,"아시아나항공 면접답변 [ 대한항공, 진에어,에어부산] 항공사 임원??",https://www.youtube.com/watch?v=F-ItAah1MNA
391,[프레지] 민영 항공사는 '대한'을 못 쓰게 하자? 해외 사례는?(2014.12.17),https://www.youtube.com/watch?v=MoUgYkBDd6M
392,"[단독] ""영화같은 사기"" 항공사 조종사 행세 남성 또 범행 / YTN",https://www.youtube.com/watch?v=S46xh1cHlC8
393,PlaneSpotting GMP 각항공사 비행기들 4K,https://www.youtube.com/watch?v=rLewNq4TLss
394,landing 인천공항 각항공사 비행기들 다양한 착륙(landing)영상모음,https://www.youtube.com/watch?v=jcYJ2fP9QZc
395,"[진에어_IPO_기업설명회] 아시아 대표 실용 항공사, 진에어",https://www.youtube.com/watch?v=CDyGlcx5Py4
396,"[JOB정보센터 160929] LCC(저가) 항공사 항공승무원 공채전략 / 청주, 강원 지역 채용정보 / 데상트코리아 그룹 공채전략",https://www.youtube.com/watch?v=z0PD9ZN-bNA
397,"부산-싱가포르 직항 노선, 항공사들 선점 경쟁",https://www.youtube.com/watch?v=17QX6OXgv_Y
398,끝없는   항공사 갑질... 2세 아이와 한인가족 당해 / YTN,https://www.youtube.com/watch?v=JJrtUt7GNfc
399,새로운 가상항공사 KFSC 에서 첫 운항 | 김포(RKSS) - 제주(RKPC) | 국민노선 비행 일지 | X plane 11 JarDesign A330,https://www.youtube.com/watch?v=LiKI-S6-oPw
400,1등석 승객도 모르는 항공사의 16가지 비밀,https://www.youtube.com/watch?v=_EL3JRm_gIk
401,[성공취업 X-File 171222] 항공사 취업 가이드 - 승무원이 되는 노하우 5/ 최지연 컨설턴트,https://www.youtube.com/watch?v=k2qvBF_n8Jw
402,미국 항공사가 일본을 떠나 한국으로 온다!,https://www.youtube.com/watch?v=1FNRkW88WMY
403,인천공항 2터미널 내일 개장 항공사 꼭 확인하세요! | KBS뉴스 | KBS NEWS,https://www.youtube.com/watch?v=WN18eh7nOtE
404,[핵꿀팁] 내가 탑승한 항공사 마일리지를 어디에 얼마만큼 적립 가능한지 확인하는 방법,https://www.youtube.com/watch?v=bgoPZNeQsto
405,"난폭한 항공사 승무원, 아이엄마에게서 유모차 빼앗아가, 엄마는 눈물이 그렁그렁",https://www.youtube.com/watch?v=GiSXAccF9Gw
406,"  항공사, 아기 둘 데리고 탄 부부 내쫓아 또 갑질 논란 / SBS",https://www.youtube.com/watch?v=ereQ6zI9naI
407,독일행 탔는데 눈 떠보니 스코틀랜드? 항공사 '황당 실수',https://www.youtube.com/watch?v=22IHr64WFUo
408,세계항공사별 유니폼 오늘 11시 생방송:),https://www.youtube.com/watch?v=SYbhHjIfdnw
409, 사회적 물의  항공사 운수권 제한 독과점 체제 개선 / KBS뉴스(News),https://www.youtube.com/watch?v=YpuoozIIJeQ
410,양대 항공사 수장 동시 '공백'...앞날 '안갯속' / YTN,https://www.youtube.com/watch?v=6RXrZT0vSbE
411,양대 항공사 수장 동시 '공백'...앞날 '안갯속' / YTN,https://www.youtube.com/watch?v=7Z4dxL1iJ5E
412,"[돈모아볼LAB] 적금 하나 들었더니, 항공사 마일리지와 면세점 VIP 혜택이?!",https://www.youtube.com/watch?v=XsoPsEEcfN8
413,"""엑스레이 80번 찍는 수준"" 항공사는 ""관련 없다"" / SBS",https://www.youtube.com/watch?v=b0m0kMXiaX0
414,에어서울 취항 저비용항공사 경쟁 치열 예고,https://www.youtube.com/watch?v=4zMDuaPR_8g
415,[성공취업 X-File 171208] 항공사 취업 가이드 - 승무원이 되는 Know How III/ 최지연 취업컨설턴트,https://www.youtube.com/watch?v=bsTBibN3t4U
416,북한의 항공사 고려 항공을 보자,https://www.youtube.com/watch?v=82I2UrJhuJ8
417,"양양공항 ""소형 항공사로 특화""",https://www.youtube.com/watch?v=6-2ndIc-CSY
418," 스케줄 근무 , 항공사 지상직이 말하는 지상직의 장점, 첫번째!!",https://www.youtube.com/watch?v=5JhqpbLlnZ8
419,"""청주공항 거점항공사 연 515억 원 창출""",https://www.youtube.com/watch?v=8xZXOza1lJI
420,[영상]항공사 직원만 아는 항공권 싸게 사는 비법은,https://www.youtube.com/watch?v=SnFXijFuJ6I
421,{한글자막} 저가 항공사가 돈을 버는법 / 원리!,https://www.youtube.com/watch?v=r-K4syhKKI8
422,여러항공사 수하물 규정,https://www.youtube.com/watch?v=C6YwjkW07QQ
423,내가 항공사 그만두니까 소문이 이렇게??,https://www.youtube.com/watch?v=QQzJfLRwBW0
424,"12월 21일_대한항공, '2018 최고의 항공사 톱 10'에 뽑혀",https://www.youtube.com/watch?v=9-_lQfeT8Iw
425,'사고 단골' 저가항공사 긴급 실태점검,https://www.youtube.com/watch?v=E8emgPtrh7M
426,"29살승무원합격후기,늦은나이승무원합격스토리.외국항공사합격후기,불가능은없다",https://www.youtube.com/watch?v=6phIcPozcJU
427,잘 나가던 양대 항공사에 무슨 일이? (feat. 지각생의 열띤 설명) ep. 2 / SBS / 모바일24,https://www.youtube.com/watch?v=BlG5ZeBtIiI
428,[한항전] 항공사 취업 꿀팁! 현직승무원 센스있는 인터뷰,https://www.youtube.com/watch?v=M2kA2YUW9Vs
429,독일 최대 항공사 루프트한자 전면 파업...42만 명 불편 우려 / YTN,https://www.youtube.com/watch?v=iE9Y1JObhPM
430,중국 경유중 항공사에서 호텔을 지원받다 / Air China served 1night hotel's room for free during stopover in China,https://www.youtube.com/watch?v=soY3qrWBIyM
431,"저비용 항공사가 살아남는법 ( 에어부산, 진에어, 제주에어 )",https://www.youtube.com/watch?v=T2ib86g96wI
432,웃음 사우스웨스트항공사,https://www.youtube.com/watch?v=OufkPE7L8Pk
433,항공사도 알려주지 않는 공포의 비행시간 (Extreme take-off),https://www.youtube.com/watch?v=h0mNEvF2v5Y
434,브리티시 에어라인 항공사의 인터렉티브 광고 British Airways,https://www.youtube.com/watch?v=T0nSGQ4TatA
435,휴니언 미국 인턴쉽 항공사 지상직 - 박혜란님 인터뷰 영상,https://www.youtube.com/watch?v=RTGgUt_dk_o
436,[취재N팩트] '오너 리스크'에 직격탄 맞은 국적 항공사 / YTN,https://www.youtube.com/watch?v=igUJm14wJMc
437,특별대책 하루도 안 돼 저비용 항공사 또 고장,https://www.youtube.com/watch?v=L0C6YMfHLBc
438,중국어 왕초보의 중국항공사 생존기,https://www.youtube.com/watch?v=-0Zm9wiax9I
439,"내 항공사 마일리지, 1월부터 사라진다 대책은 '뒷북' / SBS",https://www.youtube.com/watch?v=gl50YY2D3Xw
440,[라면 소송] 승무원이 쏟은 라면에 화상 입은 승객... 항공사에 소송 걸어(1/3),https://www.youtube.com/watch?v=gEpYS1_m9f4
441,"항공사 직원, 아기 안고 있는 아빠의 얼굴에 주먹빵",https://www.youtube.com/watch?v=EGl1yEjHGH0
442,항공사가 숨기고 있는 진짜 진실,https://www.youtube.com/watch?v=26jkT2fzjks
443,"베트남 저가항공사, 박항서호 귀국 특별기서 '비키니 쇼' 논란",https://www.youtube.com/watch?v=-w2-RcCfC6s
444,저비용항공사 급성장에 첨단 여객기로 응수 / YTN (Yes! Top News),https://www.youtube.com/watch?v=TyyoyyJMOs0
445,[전문가토크] 신설 항공사 진입규제 - 허희영,https://www.youtube.com/watch?v=GqiB-9LUJE8
446,"승무원 영어면접 고민되는 중동항공사 ( 현재 상황 : 카타르, 에미레이츠 )",https://www.youtube.com/watch?v=WwaEK361uK8
447,"[뷰티-디오드]국내 항공사 승무원 면접 메이크업 스타일 -makeup,hair,self,beauty,korea",https://www.youtube.com/watch?v=J4tk4ub1HDQ
448,세상에서 가장 작은 항공사 비행기 내부공개 화장실도 없고 선반도 없고 스튜어디스도 없다 # 물축꾸리,https://www.youtube.com/watch?v=b0GPA5YrU0w
449,[MTN] 신규 LCC 3곳 허가 저비용 항공사 타격 입나 (2019년03월07일),https://www.youtube.com/watch?v=HKn6aTANEnE
450,"[JOB정보센터 160927] 외국항공사 항공승무원 공채전략 / 부산, 제주 지역 채용정보 / 영화  그래비티  속 항공우주 직업 이야기",https://www.youtube.com/watch?v=S8UTWcRy7Ug
451,한국에만 없는  입국장 면세점  항공사만  쏠쏠  / KBS뉴스(News),https://www.youtube.com/watch?v=3NygZUmyoIM
452,에어부산 꿈의 활주로 프로젝트] 항공사 체험교실편,https://www.youtube.com/watch?v=SA53y25AqAo
453,JOBSUDA17 항공사승무원1부,https://www.youtube.com/watch?v=KSbc1ktcDlE
454,짱개항공사,https://www.youtube.com/watch?v=nXGTjSHOJiM
455,승객을 질질 끌어내린 항공사... 도 넘은 '오버부킹' / YTN (Yes! Top News),https://www.youtube.com/watch?v=UQsMPYogJ7o
456,[뉴스후] 흔들리는 양대 국적항공사 대한항공 아시아나항공..칼자루 쥔 국민연금 역할 평가 엇갈려 / 머니투데이방송 (뉴스),https://www.youtube.com/watch?v=kOVqq8CCb5k
457,전직 승무원 추천 기내식 빨리 받는 좌석 [항공사 때려친 언니들],https://www.youtube.com/watch?v=1bvoWwbs0xA
458,[단독] 제주항공 조종사 10여명 대한항공으로 옮겨 항공사간 조종사 쟁탈전 치열,https://www.youtube.com/watch?v=aj1gs6U7Opg
459,전직승무원이 알려주는 항공사 면접 메이크업!,https://www.youtube.com/watch?v=U3aKGZLoXGA
460,"항공사 마일리지로 세계일주 하는 방법 (대한항공, 아시아나항공)",https://www.youtube.com/watch?v=IpcXP4EcBUw
461,외항사(중동항공사) 면접 메이크업 | interview makeup,https://www.youtube.com/watch?v=XxKBAUc8pjo
462,항공사 면허심사 강화...내년 1분기 신규항공사 발표 / YTN,https://www.youtube.com/watch?v=paIOSCEQQfE
463,"항공사 승무원, 정비직, 일반직 준비생들 다 모여!_[인담자 일문일답] EP.1 제주항공",https://www.youtube.com/watch?v=CCDoQ0Voc5k
464,"세계 주요 항공사, 갤럭시노트7 기내 이용 금지 / YTN (Yes! Top News)",https://www.youtube.com/watch?v=VRNwqJflJQM
465,A항공사는 따뜻? T항공사는 덜덜? [한항전 항공정비과] 항공정비사 합격 취터뷰 - 김지홍,https://www.youtube.com/watch?v=DZ70vAzGPzc
466,항공사 CEO가 스튜어디스로 변신한 사연 (ft. 전화위복) [신동엽의 고수외전 14회],https://www.youtube.com/watch?v=d_fX4gAQMjg
467,대한항공 항공승무원 공채전략(항공사 공채특집 '합격의 날개')_JOB정보센터,https://www.youtube.com/watch?v=aSbfTZ35CoQ
468,[해외여행 꿀팁] 아이들과 함께 해외여행 갈 때 항공사별 기내식 키즈밀 & 키즈팩 꿀팁!! Airline KidsMill & Kids Pack,https://www.youtube.com/watch?v=ngw8kXvJ34Y
469,아시아나 항공사 지상직,https://www.youtube.com/watch?v=Gw6FNluGhyc
470,대한항공 - 항공사 소개하기 (스튜어디스 스튜어드 승무원 면접기출 기업분석 기내방송 에어버스),https://www.youtube.com/watch?v=jxQna0mB9RI
471,2018 상반기 항공사 취업자가 과기전을 선택하는 이유편   과기전TV,https://www.youtube.com/watch?v=PDYsQAVJta4
472,외항사승무원 안전데모영상 필리핀항공사,https://www.youtube.com/watch?v=A2mpEjMP56g
473,대만여행 저가 제주 항공사 기내에서 비건 채식    -             ,https://www.youtube.com/watch?v=CN9U_HSpNTc
474,"한 비행기 탑승객, 이지젯 항공사가 테이프를 발라 엔진을 고치는 장면 목격!",https://www.youtube.com/watch?v=-CqIShgdVxI
475,"""윙메이커 혜랑""의 승무원 그것이 알고 싶다_승무원의 급여",https://www.youtube.com/watch?v=FsmMA1BL5OI
476,"굳이 ""줄을 서시오"" 저비용항공사 이용객 뿔났다 / YTN",https://www.youtube.com/watch?v=8S1jzDjY1L0
477,승무원 몰래카메라?[항공사 때려친 언니들],https://www.youtube.com/watch?v=LjMP-Y-uvfo
478,중국항공사 면접 어떻게 준비했나요 ? 1편,https://www.youtube.com/watch?v=lMoXpWEjNAY
479,"[브리핑씨] 제주항공, 역대 최대 실적   저비용항공사 1위 고수",https://www.youtube.com/watch?v=JlzaoEaMiZc
480,보잉   737 맥스  전세계 항공사 인도 중단  추락 전 교신 공개 / KBS뉴스(News),https://www.youtube.com/watch?v=aQf92ZmVWHE
481,[P3D] 기내방송 포함 AAR8806 김해 - 김포 / 아시아나 가상항공사,https://www.youtube.com/watch?v=tvzZzujPwoQ
482,홋카이도의 날개 에어두 항공사 AIRDO를 소개합니다 /     AIRDO        /Japan HOKKAIDO AIRDO airline B737-700. 하츠네미쿠,https://www.youtube.com/watch?v=x5vg8FAsZy8
483,Cabin Attendant Job - 승무원.Vietnam Airlines - 베트남 항공사,https://www.youtube.com/watch?v=T-AK9uo1ED0
484,"[쌈바]  대한항공, 아시아나항공.. 양대 항공사 오너리스크에 휘청 -김경률 회계사, 참.../ YTN 라디오",https://www.youtube.com/watch?v=wuAak5plvB4
485,[태국이지EaSy]수완나품공항 각 항공사 랜딩 장면!,https://www.youtube.com/watch?v=xtMOzRfU_10
486,현직 항공사 지상직원이 말하는 지상직의 장 단점,https://www.youtube.com/watch?v=aUjAlRybuSE
487,말레이시아항공 A380-800 비즈니스석 리뷰 / Malaysia Airlines A380-800 Business Class Review,https://www.youtube.com/watch?v=R-96rllE5_4
488,제주가상 항공사 운항 동영상 운항 일지 되겠습니다!,https://www.youtube.com/watch?v=R7Yj7qbP9UA
489,[경인일보]인천공항 보세구역(항공사 운영 화물터미널)은  안전 치외법권 ,https://www.youtube.com/watch?v=hDCuIybO-yc
490,항공사 지상직 설명,https://www.youtube.com/watch?v=OMzF_99_iuM
491,"미국 연방항공국, 항공사 측에 축소되고 있는 비행기 좌석 사이즈  해결하라고 명령",https://www.youtube.com/watch?v=9BuIhLVYzTQ
492,"세계에서 가장 위험한 항공사, 북한 고려항공의 형편없는 기내식 먹방",https://www.youtube.com/watch?v=pViESjY4iKU
493,항공사지상직 승무원 파헤치기..2탄~!!!!,https://www.youtube.com/watch?v=78vveiCWyks
494,'들쭉날쭉' 항공사 수하물 요금 모르면 낭패 / YTN,https://www.youtube.com/watch?v=nTaoyCE08Zk
495,경복대학교 항공서비스과 B - 각 항공사별 특화서비스,https://www.youtube.com/watch?v=k9t6gHs5Jq0
496,항공사에서 승객들에게 감추고 있는 사실,https://www.youtube.com/watch?v=cTa5u6_nEao
497,나는 [국내 VS 국외 항공사] 둘 중 어디가 맞을까?,https://www.youtube.com/watch?v=ArFcTQX4NCk
498,외국 최고급 항공사 와 스튜어디스들,https://www.youtube.com/watch?v=topAuyZmj84
499,항공사 = 정부 협박해서 세금 빼먹는 도구?,https://www.youtube.com/watch?v=nJEsF04Ccw8
500, 알짱중잡 중국항공사 vs 한국항공사 초단간 정리,https://www.youtube.com/watch?v=zDDV6Xp8lIY
501,로리  항공사 지상직 면접에선 어떤 질문을 할까? (ft.버진 아메리카),https://www.youtube.com/watch?v=Dx8fBLCj47A
502,"항공사에서 한우, 첼로까지 국회의원들의 '별별 재산'",https://www.youtube.com/watch?v=1bCRAbSR1jU
503,쓰기도 어려운데 '항공사 마일리지 땡처리' 꼼수 논란,https://www.youtube.com/watch?v=EWXKbCiSGNE
504,DTH - 항공사 별 비즈니스 클래스 7가지,https://www.youtube.com/watch?v=4AgbguBykeg
505,"[핫뉴스] 베트남 저가항공사, 박항서호 귀국 특별기서 '비키니 쇼' 논란   / 연합뉴스TV (YonhapnewsTV)",https://www.youtube.com/watch?v=L9jB2EQOQcQ
506,"대한항공 승무원이 알려주는 승무원의 복지, 연봉, 직업의 장점들  ",https://www.youtube.com/watch?v=0skp37_NCf0
507,2016 세계 항공사 순위 TOP 10,https://www.youtube.com/watch?v=Pa_y7-wQPfk
508,[항공사직원 꿀팁]스카이스캐너VS네이버항공권 어디가 더 좋음?,https://www.youtube.com/watch?v=oMmq1IFvqIg
509,양띵 [최고의 항공사가 되기 위한 쉽지 않은 길! '더 스카이(The Sky)' 5편 / 다주파 제작] 마인크래프트,https://www.youtube.com/watch?v=R-b3L26fx5Q
510,카타르 항공 공채(in 부산) 족보.zip[항공사 때려친 언니들],https://www.youtube.com/watch?v=LIV96Vf6K2A
511,[한항전] 항공정비사 선배에게 직접 듣는 항공사 취업! -2부,https://www.youtube.com/watch?v=rBK-ddgFGRY
512,내 가방 잃어먹고 배째라 항공사. 고소대행업체도 포기한 항공사. 널 위해 준비했다,https://www.youtube.com/watch?v=F-nWBsrJIzg
513,[리얼토크] 안갯길 속 걷는 양대 항공사 경영 정상화 가능할까?,https://www.youtube.com/watch?v=tNAk_FTDWMA
514,"[대체 왜!?] 국내 신규항공사 4곳 중 유일하게 LCC 저가항공 면허 발급 ""탈락""한 소형항공사 에어필립! (Feat.에어로케이, 플라이강원, 에어 프레미아)",https://www.youtube.com/watch?v=XdY1N3qRxkk
515,항공사 마일리지 활용 꿀팁 | 120만원 절약하기!,https://www.youtube.com/watch?v=qXIRV558xyw
516,전직  항공사  직원이 푸는 ..땅 ...아니  승무원 의 진실 ,https://www.youtube.com/watch?v=tv3gG1ltnzY
517,우울증 걸린 항공사 직원이 비행기 훔쳐...결국 추락 / YTN,https://www.youtube.com/watch?v=Iz-lFXx275c
518,[늘스타] 승무원은 얼마나 벌어요?,https://www.youtube.com/watch?v=_o1G8PjALpQ
519,유튜브 조회수 1위(1억4천만뷰) 항공사 광고 재미있는 항공사 광고,https://www.youtube.com/watch?v=oCoBxAxv_Xc
520,항공사 마일리지 500만마일 적립방법과 그 사람들의 직업 -TT Radio,https://www.youtube.com/watch?v=qig50uQzQDo
521,[감동]TAM 항공사 승무원과 기장의 시원하고 센스있는 대처이야기(사이다)- 감감,https://www.youtube.com/watch?v=NrgaCsRMOF8
522,#95 중국의 승무원 그리고 3대 항공사 feat.비키니 심사!?,https://www.youtube.com/watch?v=L5VA1VxRXQY
523,전세계 3대! 럭셔리 항공사? 쇼킹탑텐 디바제시카,https://www.youtube.com/watch?v=ohi_cz3Qi44
524,미국 항공사 비행기 조종사 보잉 767 이륙 장면 조종실 실제 내부 모습 영상 Colors Tv,https://www.youtube.com/watch?v=6d3sSAba0FI
525,항공 보안과 안전의 차이 항공사 면접 대비 16 09 28,https://www.youtube.com/watch?v=PbktDtQ3Y_Y
526,2016년 Top 10 세계 항공사 순위,https://www.youtube.com/watch?v=NdQhLk5fSa4
527," 직원 티켓 , 현직 항공사 지상직이 말하는 지상직의 장점, 두번째!!",https://www.youtube.com/watch?v=LXFoXTMDTe4
528,"""항공사 기장, 포르노 여배우 불러 조종석에서 "" / YTN",https://www.youtube.com/watch?v=Eoh1REeYGlg
529,승무원 연봉은 얼마나 될까? [비욘드크루],https://www.youtube.com/watch?v=-jstMDnjV-o
530,"포항시, ""새로운 지역항공사 설립"" 에어포항 결별?-김기영[포항MBC뉴스]",https://www.youtube.com/watch?v=aRPAAV2awL0
531,이별통보 내연녀 태워 '광란의 도주' 항공사 지점장 경찰관 폭행,https://www.youtube.com/watch?v=T35xdksOmxg
532,'남자 승무원' 연봉은 얼마에요? | '남자 승무원'이 말해 주는 '남자 승무원' 2탄 [GLAM STUDIO],https://www.youtube.com/watch?v=oaIfwTybD9g
533,윾튜브 별거 아니네 | 항공사 마일리지 적립 카드 추천 (feat. 300만원 혜택),https://www.youtube.com/watch?v=gHrbYkdFS0A
534,[2편] 앰버의 항공사(7대 불가사의) 플레이 - 인도:타지마할! Amber's Airline - 7 Wonder,https://www.youtube.com/watch?v=ieo0g0Ok_q4
535,[5편] 앰버의 항공사(7대 불가사의) 플레이 - 페트라의 잃어버린 도시! Amber's Airline - 7 Wonder,https://www.youtube.com/watch?v=ZGkIV6FK4cU
536,"[ZZICCO GRWM] 항공사 지상직 오후 출근 준비 함께 해요. 생얼주의(메이크업,운동,헤어볼륨)",https://www.youtube.com/watch?v=ki79kLQt7LA
537,KLM 747기 인천 회항 외.. (FEAT. 엔진 Fail) / 737MAX/ 보잉1분기 실적/ 미국상업드론배송/ 트럼프편지받음/ 이륙시에비행기모드합시다,https://www.youtube.com/watch?v=upzyRiAgYKw
538,남성전용항공사,https://www.youtube.com/watch?v=EETk59FpeRI
539,중국 항공사는 별로라고? 에어차이나 A330-300 비즈니스석 리뷰 / Air China A330-300 Business Class Review,https://www.youtube.com/watch?v=0bb7rrVROqM
540,"""지각 피하려 과속"" 공항 앞 '광란의 질주' 가해자는 항공사 직원",https://www.youtube.com/watch?v=UcF4N2MChyI
541,"잠만, 비행기는 좌석제? 여권? 민증? 항공사? 해외여행 준비 토크!",https://www.youtube.com/watch?v=9SMVuId33_Q
542,A380과 B777만 보유중인 항공사,https://www.youtube.com/watch?v=MEX0EAEhywg
543,"중국, 외국항공사에 '대만 표기수정' 요구 미국 비판 / 연합뉴스TV (YonhapnewsTV)",https://www.youtube.com/watch?v=cY3TI7om6w4
544,"중국항공사 승무원일상  2019첫비행, 해돋이 ,훅 지나가는 #grwm",https://www.youtube.com/watch?v=olT_JcvaUKM
545,제주 가상 항공사 운항. 737-800. 후쿠오카에서 제주도로.,https://www.youtube.com/watch?v=p8C9A8tlJ9Y
546,[서프라이즈] 영화 '캐치미이프유캔'의 실사판! 항공사 말단직원이 베테랑 조종사가 될 수 있었던 이유는?,https://www.youtube.com/watch?v=kNNTlZe8IoI
547,승무원의 장점/ 월급통장공개!!! l 시애틀줄리 외항사/ 승무원연봉,https://www.youtube.com/watch?v=6scN7ICCEUU
548,스칸디나비아항공 조종사파업 '줄줄이 결항',https://www.youtube.com/watch?v=oaOx3nWthzc
549,제주 이스타  입학하면 승무원 1차 합격? NO ,https://www.youtube.com/watch?v=QHm7hbA_E8U
550,위험의 외주화가 만든 비극 밸류젯 592편,https://www.youtube.com/watch?v=DeJgRjpxOfk
551,4K 비행기 착륙 - B737-900 HL7726,https://www.youtube.com/watch?v=e3rh_yzFCNs
552,대한항공은 왜 때문에 '대한'을 쓰는 거죠?/비디오머그,https://www.youtube.com/watch?v=CCkQqL70Ep4
553,커지는 안전 우려에...국적 항공기 4백 대 긴급 점검 / YTN,https://www.youtube.com/watch?v=Kv6IIi-Ynys
554,싱가포르항공 NEW A380-800 비즈니스석 리뷰 / Singapore Airlines NEW A380-800 Business Class Review,https://www.youtube.com/watch?v=wr8IrQhnc08
555,커지는 안전 우려에...국적 항공기 4백 대 긴급 점검 / YTN,https://www.youtube.com/watch?v=mGq_zNywXOk
556,[티비냥] 항공사 마일리지는 이렇게 쓰는 것! 마.잘.알의 초특급 꿀팁 대공개 | 프리한19 190108 #03,https://www.youtube.com/watch?v=5SDmZyU0E-o
557,공짜 좌석승급 공짜 숙소 근절 안되는 국토부 비위 / 연합뉴스TV (YonhapnewsTV),https://www.youtube.com/watch?v=2B7PIKjpfJw
558,대한항공 동방항공 연봉 공개!,https://www.youtube.com/watch?v=h1-EkL32Tgo
559,"어수선한 항공업계 '안전 고삐' 국토부, 국적기 특별점검",https://www.youtube.com/watch?v=0j17QJggSM4
560,[서토끼 메이크업] 승무원 메이크업,https://www.youtube.com/watch?v=x3pGesOId5w
561,면세점 쇼핑 전에 알아둬야 할 필수 정보 [제주항공 How To],https://www.youtube.com/watch?v=uh4NpH0wdMo
562,"에어프레미아, 경영권 갈등으로 면허 취득 한 달만에 재심사",https://www.youtube.com/watch?v=kos7T5e1KrA
563,영어 못해도 파일럿 될 수 있을까? 비행기 조종사 꿈이라면 클릭! 하늘여행자 수지,https://www.youtube.com/watch?v=uicp2fws-gI
564,필리핀 클락공항 내일까지 폐쇄 항공편 잇따라 결항 / KBS뉴스(News),https://www.youtube.com/watch?v=4PCMQ444hWA
565,"면허받자마자 대표 변경 또? 경영권 내홍 잇따르는 신생 LCC / (증시, 증권)",https://www.youtube.com/watch?v=wXwKERqIyOc
566,"[핑크 스카이 TV] 채널 소개 영상 ""승무원과 비행 이야기""",https://www.youtube.com/watch?v=HXdWeJnLgF8
567,"윙메이커 혜랑의 승무원 면접 기초 다지기!   자기소개,지원동기,입사 후 포부 개념 정리  ",https://www.youtube.com/watch?v=cIhUjcO1piA
568,필리핀 클락공항 내일까지 폐쇄 항공편 잇따라 결항 / KBS뉴스(News),https://www.youtube.com/watch?v=iPBPQZAf3Jw
569,[인천(부평)승무원학원] ANC 면접준비는 ANC에서! 부천,https://www.youtube.com/watch?v=zLc7Q6JzWxY
570,Worst Airline in the world. North Korea Air Koryo.(Feat. Pyongyang)(전세계 최악의 항공사 북한 고려항공과 평양공항),https://www.youtube.com/watch?v=vkbuxv-FLeY
571,대한항공 / 기내식 리뷰 / 해산물식 / 인천 / 보스턴 / 드림라이너 / 특별기내식,https://www.youtube.com/watch?v=-kqOl0QbQFU
572,"초은고등학교로 홍보를 나갔어요! [인천(부평)승무원학원] ANC 부천 [항공운항과, 항공과, 항공관광학과] 학원",https://www.youtube.com/watch?v=ZFdyjrWYakE
573,20190430신동아방송뉴스(윤지영아나운서),https://www.youtube.com/watch?v=PstodF1fsoo
574,"필리핀 클라크 공항 이틀간 폐쇄 ""마닐라에 임시편 투입"" / SBS",https://www.youtube.com/watch?v=iiQe31wERsI
575,"""채권단, 아시아나항공에 1조6천억 투입""",https://www.youtube.com/watch?v=NOGLRUTgkCM
576,"[단신]플라이강원, 양양 현지에서 채용면접 실시/190426",https://www.youtube.com/watch?v=piTcS_cqkTM
577,제주도 브이로그 | 강아지와 제주도 시차적응기 1탄,https://www.youtube.com/watch?v=GMJ85nDGzco
578,대한항공 승무원과 아시아나 승무원이 맞짱 뜨면 누가 이길까!?,https://www.youtube.com/watch?v=uxVG-7-JA-Q
579,[실제교신] 조종사가 영어를 못하면 생기는 일,https://www.youtube.com/watch?v=H6vOuh4Oyrc
580,전직 승무원들이 회의하는 방법 [달콤한 파티 The 2nd],https://www.youtube.com/watch?v=hnW8VUBUSXA
581,제주항공 기내방송 대박,https://www.youtube.com/watch?v=B21Qh1w_STc
582,제2공항 활주로 등 윤곽 수요예측은 오락가락 김항섭 기자,https://www.youtube.com/watch?v=rnq-Q0y44As
583,달콤한 파티 in 부산 이제 출발합니다~ [달콤한 파티 The 2nd],https://www.youtube.com/watch?v=rKIow2cPIh8
584,'유동성 위기' 아시아나에 1조 6천억 긴급 투입 / YTN,https://www.youtube.com/watch?v=I4OWmUJWxx4
585,김포공항에서 제주까지,https://www.youtube.com/watch?v=tryvp9kkdsg
586,"에어서울, 베트남  항공기 10시간 지연",https://www.youtube.com/watch?v=WG0DFXdNw9s
587,이 공항에 아무데도 가지 않는 유령 비행기가 오가는 이유,https://www.youtube.com/watch?v=fJcQri6bZyc
588,필리핀 클락공항 폐쇄 항공편 결항 잇따라 / KBS뉴스(News),https://www.youtube.com/watch?v=vxNkhsJ8ds4
589,"아시아나항공, 수익성 저조 노선 폐지 저울질 / YTN",https://www.youtube.com/watch?v=A5UVMkkXx4I
590,제2공항 어떻게 되나 쟁점과 전망 조인호,https://www.youtube.com/watch?v=MJuldMKzGug
591,"아시아나항공, 수익성 저조 노선 폐지 저울질 / YTN",https://www.youtube.com/watch?v=TPvqVF2k2F4
592,'유동성 위기' 아시아나에 1조 6천억 긴급 투입 / YTN,https://www.youtube.com/watch?v=oei7EAhP1o4
593,세계에서 제일 큰 비행기 테스트 (Feat. Stratolaunch) /보잉 737MAX Update/인도 Jet airways운항중단/ AA300편 JFK로 회항 외,https://www.youtube.com/watch?v=rCqBS2CCZrU
594,'유동성 위기' 아시아나에 1조 6천억 긴급 투입 / YTN,https://www.youtube.com/watch?v=sXcqIju12Mw
595,함께 제주도,https://www.youtube.com/watch?v=ICFziq5KNoQ
596,홍콩왔어용,https://www.youtube.com/watch?v=XsOy978R-48
597,"거듭된 사소한 실수, 플라잉타이거 항공 66편",https://www.youtube.com/watch?v=94auJ_2qwww
598,KTX 산천 기차 연결 동대구역,https://www.youtube.com/watch?v=MfvU9vlnfRU
599,제주도 여행 3일차!!,https://www.youtube.com/watch?v=2fxp8goy1ns
600,LOT항공 바르샤바 to 인천 노선 착륙후 방송,https://www.youtube.com/watch?v=eHv5HRa32F8
601,고려항공기기내를 목슴걸구 촬영한 영상입니다 모태미녀 승무원 넘 이뻐,https://www.youtube.com/watch?v=4DcQ7lE0MAg
602,핀에어 이코노미좌석 탑승기 모든걸 알려드려요 (feat.헬싱키 가는길),https://www.youtube.com/watch?v=W4EqHQblcnM
603,[실제교신] 관제사를 어이없게 만든 루프트한자의 실수,https://www.youtube.com/watch?v=fKNaHkdhtoQ
604,19년 봄 제주도 여행 (제주롯데호텔/산방산유채꽃/카멜리아힐/오설록/크랩잭/흑돼지),https://www.youtube.com/watch?v=94QPVgIYZGI
605,가족들과 함께한 제주도 여행기 JEJU VLOG  ,https://www.youtube.com/watch?v=DX2-q4l18U8
606,칭찬주인공 뉴스 베트남1편,https://www.youtube.com/watch?v=h-7VME5BEUM
607,"대형 항공기가 활주로에 착륙하려는 상황, 그 순간 다른 항공기가 가로질러 지나가는데..    ",https://www.youtube.com/watch?v=dbdYacZRQVU
608,In Flight Asiana Airlines A320 Gwangju-Gimpo/아시아나항공 광주-김포 A320 탑승영상[ridereye],https://www.youtube.com/watch?v=Of04DpdBDs0
609,러시아 블라디보스톡 에서 만난 고려항공과 북한사람들.! 나 쫄고있니..?,https://www.youtube.com/watch?v=gFbqnFfWkao
610,연착 잦아진 아시아나항공 하루에만 기체 결함 2건,https://www.youtube.com/watch?v=IRmbPnaX9bU
611,"호주 워홀종료, 멜번에서 부산가는 브이로그 | 에어차이나 기내식 베이징경유",https://www.youtube.com/watch?v=SfpFMpy9ihY
612,대한항공과 델타항공이 하나로 납니다!,https://www.youtube.com/watch?v=_hUSz0fqGLI
613,대한항공 카이탁 착륙 #인플 #A330_300,https://www.youtube.com/watch?v=qkEom7MAm5E
614,20170303,https://www.youtube.com/watch?v=rvzG2ebURnI
615,"채권단 ""아시아나항공에 1조 6천억 지원 연내 매각""",https://www.youtube.com/watch?v=kL4h1HgPONI
616,DTH - 승무원이 납치된 소녀를 한 번에 알아본 이유,https://www.youtube.com/watch?v=2GmuVhGjf6U
617,저가항공의 대명사 라이언 에어 김해-제주 퀵턴 전편 | 지보 737 | 엑스 플레인 11 | X Plane 11,https://www.youtube.com/watch?v=CPwiTdouXbQ
618,"April 28, 2019",https://www.youtube.com/watch?v=ufeeW1RGd6E
619,"아시아나항공 매각 주간사, CS증권 선정 다음주 실사 전망",https://www.youtube.com/watch?v=nHFm72X25Ro
