,content
0,"대다수 저비용 항공사 취항 중 워낙 인기 있는 여행지다 보니 대다수의 국내 항공사들이 매일 취항합니다. #제주항공, #이스타항공, #진에어, #티웨이항공, #에어서울, #대한항공, #아시아나항공. 외항사로는 베트남 국적기인 비엣젯항공과 베트남항공이 수시로 운항해요. 경유편은 마카오를..."
1,"인천공항 제2여객터미널 항공사 는 어떤 항공사들이 있는지 궁금해 하실분들을 위해 검색해 봤는데요. 일단 가장 대표적인 대한항공!! 그리고 델타항공, 에어프랑스, 알리탈리아 KLM네덜란드항공, 아에로멕시코항공, 중화항공, 가루다인도네시아 항공, 샤먼항공, 체코항공, 아에로플로트 이렇게..."
2,"대다수 저비용 항공사 취항 중 워낙 인기 있는 여행지다 보니 대다수의 국내 항공사들이 매일 취항합니다. #제주항공, #이스타항공, #진에어, #티웨이항공, #에어서울, #대한항공, #아시아나항공. 외항사로는 베트남 국적기인 비엣젯항공과 베트남항공이 수시로 운항해요. 경유편은 마카오를..."
3,"#마일리지, #대한항공, #아시아나, #스카이팀, #스타얼라이언스, #마일리지적립 요즘 저가 항공사 노선이 확대되면서 사실 마일리지 적립이 쉽지 않으나, 나의 마일리지 적립 방법을 소개한다. 국내에서 주로 다닌다면 두 가지 정도만 알면 된다. 대한항공 마일리지 대한항공+스카이팀+제휴항공사..."
4,[여행 빅데이터] 대한 아시아나 이미지 하락에 뜬 항공사 어디? 안녕하세요. 여플(여행+) 장주영 에디터입니다. 지난해 항공업계는 각종 논란으로 시끄러웠습니다. 특히 양대 국적항공사인 대한항공과 아시아나항공이 시련을 겪었죠. 호된 법적 조치와 언론보도에 많은 항공고객이 실망했고...
5,"대한항공 스카이팀 회원사 및 제휴항공사 탑승하고 대한항공 마일리지 적립하기 에어로플로트 (러시아항공), 에어프랑스, 알이탈리아, 중화항공, 동방항공, 델타항공, 가루다인도네시아항공, KLM (네덜란드항공), 베트남항공, 하와이안항공, 남방항공 등을 탈 때 해당 항공사 마일리지프로그램을..."
6,"정시운행률 랭킹   에게안   콴타스   카타르   에어몰타 `최악의 항공사 톱10`에 대한항공 이름 눈에띄네 여행족들이 늘 관심을 가지는 랭킹. 이번에는 최악항공사 랭킹입니다. 마침, 가장 신뢰를 가질 만한 국적기에 대한 랭킹 결과가 나온게 있습니다. 국적기 순위는 각국을..."
7,"스타얼라이언스 및 제휴항공사 이용하고 아시아나항공 마일리지 적립하기 대한항공과 마찬가지로 아시아나항공도 외국 항공사를 이용할 때 아시아나 마일리지를 적립할 수 있습니다. 아시아나항공이 낡은 기재, 많지 않은 노선 등으로 욕도 많이 먹고 대한항공에 비해서 많이 밀린 것이..."
8,"국내 항공사(대한항공, 아시아나)는 취소 수수료 없음 2. 해외 항공사는 모두 제각각(항공사 사이트 직접확인) 해외 항공사 스카이스캐너 앱에서는 당일취소 이후의 환불은 항공사 환불 수수료가 발생한다고 나와있어요. 해당 항공사 홈페이지를 직접 들어가보면... 에미레이트 항공사 Refund fees..."
9,"< 제1여객터미널 운항 항공사 > 아시아나항공, 저가항공사, 기타 제2여객터미널을 이용하지 않는 외국항공사 < 제2여객터미널 운항 항공사 > 대한항공, 델타항공, 에어프랑스, 네덜란드항공, 아에로멕시코, 알이탈리아, 중화항공, 가루다 인도네시아 항공, 샤먼항공, 체코항공, 아에로플로트..."
10,보잉사의 B737 맥스 8이 최근 잇단 추락사고로 전 세계 각국에서 연달아 운항 중단을 결정하고 있는 가운데 해당기종의 도입을 추진 하던 국내 항공사들이 안전 확보 전까지 운항하지 않겠다는 방침을 밝히면서 도입 계획이 없던 항공사간 희비가 엇갈리고 있다. 14일 대한항공과 티웨이항공은...
11,인천~울란바토르 추가 운항권 2월 25일 항공사별 PT 26일 결정 아시아나 vs LCC 대결 구도  황금 노선 으로 불리는 몽골 하늘길을 놓고 국내 7개 항공사가 한판 승부를 벌인다고 합니다. 타깃은 인천~울란바토르(몽골) 노선의 추가 운항권입니다. 대한항공이 30년 가까이 단독으로 운항해온...
12,"외국 항공사 마일리지 어느 항공사에 적립할까? 외국 항공사를 이용하는 경우에 대한항공, 아시아나항공 마일리지가 얼마나 적립되는지를 알아봤습니다. 실제로 고수들의 경우 회원 혜택이 좋은 외국 항공사에 회원가입해서 마일리지를 구입하고 마일리지를 국적기인 대한항공이나..."
13,"한국 항공사에서 보잉사의 ""보잉 737 맥스 8"" 도입 검토중인 곳은 대한항공/티웨이 항공, 제주항공이며, 이미 2018년 12월 ""이스타항공""이 한국 최초 이기종 도입했다. Img BBC Img The Air Current / 이미 문제되고있는 시스템 설명 이미지"
14,"이번 여행에서 이용한 항공사는 아시아나 항공이고 항공편은 인천에서 LA로 가는 직항편이다. 인천공항에서 LA까지는 대략 12시간 정도 걸린다.... 그 동안 싼 항공편을 찾다보니 대한항공이나 아시아나를 이용하지 못했는데, 이번 기회에 이용하게 되면서 자연스레 미국 항공사들과 비교하게 된다. 1...."
15,"( #LCC )저가항공사를 자주 이용하시는 분들은 집중! 해주세요. 첫 번째로 소개해드리는 저만의 꿀팁은 #저가항공 포인트도 쌓고 공항 라운지를... 제주항공 리프레시포인트 신한카드(항공사 마일리지 카드) 예를 들어 (신한카드 기준) 아시아나, 대한항공 등 항공사 제휴카드는 1,000원당 1마일..."
16,"5시간에서 2시간정도 이며, 특히 저 2개의 항공사는 환승하는 이동 동선이나 전반적으로 스트레스를 '덜'받는 공항임을 알려드립니다. 특히 핀에어가 그렇습니다. 그리고 대한항공 마일리지로 인해 [에어프랑스]를 타시고 오시는경우도 있는데, 절대 부모님과 올경우 타지 말아야 할 항공사가 바로..."
17,내년부터 인천공항 제2여객터미널에는 대한항공을 비롯하여 에어프랑스 델타항공 KLM 4항공사가 입주하여 스카이팀 전용 터미널로 이용됩니다.... 인천공항 제2여객터미널에 입주하는 항공사의 경우 이제는 탑승수속부터 세관검사등 모든절차가 기존과 별도로 인천공항 제2여객터미널에서...
18,"# 인천공항 터미널별 이용항공사 안내(2018.10.28.) 1. 인천공항 1터미널 이용항공사 - 아시아나항공, 제주항공, 진에어, 티웨이 - 이스타항공, 에어서울 - 중국동방항공, 중국남방항공 - 캐세이퍼시픽, 필리핀 항공, 타이항공 등 2. 인천공항 2터미널 이용항공사 - 대한항공, 에어프랑스..."
19,"제2여객터미널(T2)은 작년 초 처음 개장했을 때만 해도 대한항공, 델타, 에어프랑스, KLM 등 4개의 항공사만 이용했지만, 지난 10월 말부터 스카이팀 소속 7개 항공사가 추가 이전되어 현재 총 11개의 항공사가 이용하고 있기 때문이다. 작년 매출 성과가..."
20,"고민에 빠진 국적항공사 보잉기 114대를 어쩌나?   에티오피아 항공기 추락사고로 '보잉737-맥스8' 기종의 안전성에 의문이 제기되자 이스타항공이 긴급운항중지를 결정한데 이어 2019년부터 100여대를 도입하려던 국적항공사에 비상이 걸려.   특히, 대한항공과 티웨이, 이스타 등..."
21,"주로, 케세이퍼시픽, 싱가포르항공, 대한항공, 버진오스트레일리아, 콴타스에 타 항공사 이용중. 베트남 출장 가는 날... 예정된 항공편은... 항공사 입장에서는 당연히 최소 비용의 루트 제안하겠죠. (100% 동의) 3-1. 원월드인 콴타스 타고 멜번가서 케세이퍼시픽 이용해서 홍콩 -> 호치민시티..."
22,"안녕하세요 일부항공사가 인천공항 제2터미널로 추가로 이사가면서 1터미널의 항공사체크인카운터 위치가 변경되었습니다. 2019년 2월 기준입니다. 인천공항 제1터미널 항공사체크인카운터 위치! 서쪽끝에 있던 아시아나 항공은 예전에 대한항공이 있던 A,B,C카운터 쪽으로..."
23,"동아시아 항공사들이 이코노미 좌석 넓이에 관대. 단점은 부실한 엔터테인먼트 시스템, 기내식, 라운지, 수화물, 벌크헤드, 비상구 좌석등 상위 티어 회원 혜택. 대한항공 모닝캄 유지하는거 포기할려고 했는데 1월에 타 항공사 대비 저렴해서 결국 대한항공으로 갔구요. 2월부터는..."
24,"대한항공, 아시아나항공 항공사 마일리지가 있어서 가족 합산으로 각각 한 장씩 끊었어요. 나머지 한 장은 대한항공 105만원에 구매로 해결.... 스타얼라이언스 회원사 및 제휴 항공사를 이용하는 것. 아시아나 마일리지 공제로 스타얼라이언스 항공사 탑승이 가능합니다. 단, 마일리지 공제율이 좀..."
25,여행을 다니다보면 #대한항공 / #아시아나 과 같은 국적기 외 외국 항공사를 타는 경우도 참 많은데요. 외항사 마일리지 적립은 어떻게... 두 항공사에 회원가입을 해주셔야 합니다. 대한항공은 스카이팀 / 아시아나 항공은 스타얼라이언스 팀으로 각 항공사 사이트에서 회원 가입이...
26,"한국에서 유럽을 갈 경우, 여러가지 항공사를 이용할 수 있습니다. - 한국 국적기 [직항] (대한항공, 아시아나항공) - 유럽 항공사 [직항 or 환승] (에어프랑스, 알이탈리아 등) - 아시아권 항공사 [환승] (에어차이나, 베트남항공 등) - 중동권 항공사 [환승] (에미레이츠, 카타르항공 등) 그 중..."
27,원래는 한국에서 마일리지 적립을 하는데 여기선 한가지 항공사만 타는 것도 아니고 예약을 주로 남편이 해서 내버려두고 있었어요. 한국행 비행기티켓을 예매하면서 대한항공과 아시아나항공사에 마일리지 1점이 아쉬운거에요.  잊고있던 미국항공권 마일리지 적립이 되나 한번 해보기로...
28,"대구국제공항에서 가장 많은 여객을 태운 항공사가 티웨이항공으로 확인됐습니다. 8일 한국공항공사와 대구시에 따르면 대구공항에서 여객을 태웠던 국내 외 항공사는 총 22개입니다. 이 가운데 아시아나, 대한항공, 에어부산, 티웨이항공, 제주항공, 동방항공 등 9개 항공사가..."
29,"하지만, FSC 항공사들은 여전히 기내식을 제공하고 있습니다. 이번 포스팅에서는 단거리 구간에서 국적항공사(대한항공, 아시아나항공) 들의 기내식을 비교해 보겠습니다.   메뉴는 자주 바뀌는 편이므로 기내식 구성을 위주로 봐주세요~ 초단거리 구간 일본 - 후쿠오카, 오사카 등 중국 - 웨이하이..."
30,"인천국제공항 제2여객터미널을 이용하는 항공사 안녕하세요~ 여행사 투어존입니다. 2018년 1월18일 탑승편 부터 인천 국제공항 제2여객터미널을 오픈 운영중인데요! 1차 이전한 항공사는 대한항공(KE)과 스카이팀 항공사인 델타항공(DL), 에어프랑스(AF), 네덜란드항공(KL)입니다. 기존에는 4개..."
31,"내가 산 외국항공사 티켓 마일리지를 내 대한항공 마일리지에 적립하고 싶은 경우 말이에요. 그런데 이게 각 항공사 좌석 코드 마다 되는 경우도 있고 안되는 경우도 있어서 헤갈려요. 예를 들어, 제가 산 알이탈리아 항공은 O클래스.대한항공은 스카이팀이라 적립이 가능하지만, 대한항공..."
32,주목할 만한 주요항공사 신규 취항지 6곳 안녕하세요. 여플(여행+) 장주영 에디터입니다. 영화  베테랑 에는 이런 대사가 나옵니다.  우리가... 여플(여행+)이 올해 주요항공사의 신규 취항지를 골라 소개합니다. 대한항공 대한항공은 2010년도부터 전세기를 운행해오던 크로아티아의 수도...
33,항공사연합(Airline Alliance)의 탄생 경위 항공업계에는 얼라이언스(Airline Alliance)라는 항공사들끼리 제휴를 맺고 있는 그룹이 있다. 대한항공과 아시아나항공도 각각의 그룹에 가입돼있다. 회원항공사는 그룹 내에서 업무제휴나 마일리지...
34,"입주 항공사와 교통비 절약 꿀팁을 알려드립니다. 광명역 도심공항터미널 이용 시, 인천공항 이동 수속시간 35~65분 단축! 짐 없이 출국하는... 광명역 도심공항터미널 입주 항공사는? 대한항공, 아시아나, 제주항공, 티웨이, 에어서울, 이스타, 진에어 7개 항공사 단, 미주노선은 도심공항터미널..."
35,오늘은 첫번째로 짐 꾸리기와 항공사 선택에 대한 이야기 입니다. 보통 항공이야 일정을 결정하고 최저가 항공권 검색해서 예약을 합니다. 저도 그렇게 했고요 역시 대부분 LCC라 불리는 저가항공사 항공권이 일반 대형항공사(대한항공이나 아시아나)보다 저렴하게 나옵니다. 제가 예약할 때는...
36,"인천공항 제2여객터미널 취항 항공사 : 대한항공, 델타항공, 에어프랑스, KLM네덜란드항공 인천공항 제2여객터미널 대중 교통 : 버스, 리무진 버스... 그렇다면 제2여객터미널은 어떤 항공사가 운항하게 될까요? 제2여객터미널은 대한항공, 델타항공, 에어프랑스항공, KLM네덜란드항공 등 4개..."
37,"(항공사, 오도착 여객카드, 여권 민원센터, 외투 보관 서비스, 홍보 전망대, 24시간 롯데리아) 인천공항 제2터미널 꿀팁 완전 정복 안녕하세요!... 1 항공사 헷갈리기 쉬운 여객터미널 이용 항공사! 현재, 제2여객터미널을 이용하는 항공사는 4곳만 기억하시면 됩니다! 대한항공 델타항공..."
38,"이런 로고처럼 한국의 항공사들은 크고 작은 도색의 변화가 있었는데요, 이번에는 한국 항공사들의 도색 변천사에 대해 알아보고자 합니다. 대한항공 대한항공은 한국에서 가장 오랜 역사를 지닌 항공사이니만큼 도색도 가장 많이 바뀐 항공사입니다. 대한항공의 첫 도색은..."
39,"학부시절 대한항공에 실습을 하러 간 적이 있었는데, 항공사에도 간호사를 필요로 한다는 사실을 알고나서 매우... 다음 항공사에서도 다국적 간호사를 선발하고 있다고 해요: - Emirates - Etihad - Qatar Airways - Singapore Airlines Qatar Airways의..."
40,프랑스 국기의 삼색을 이용한 '에어프랑스' 로고 '에어프랑스'는 우리나라의 '대한항공'과 마찬가지로 국책 항공사이다. 줄여서 '국항'이라 불리며... 유럽여행을 세 번쯤 다녀오고 나서야 항공사를 택하는 것도 중요한 준비과정이라는 생각이 들었다. 기내 서비스라고 하면 광범위하지만...
41,"7월 1일 이후에 에어아시아 항공사를 통해 세부 자유여행을 가시는 분들은 항공권 바우처에 기재된 터미널 번호를 다시 한번 확인하셔야 할 것... 참고로 2018년 6월 14일 현재 대한항공, 아시아나항공, 세부퍼시픽, 제주항공 등 다른 항공사에서는 세부공항 터미널 변경 관련 안내문이 나오지..."
42,"대한항공은 스카이팀, 아시아나는 스타얼라이언스 소속 항공사라는 것만 알아도, 당신은 항공 마일리지 적립에 한 걸음 다가설 수 있다. 평생 한 항공사만 탈 것이 아니라면, 항공사가 속해있는 동맹체를 활용하여 효율적으로 마일리지를 쌓을 수 있을 것이다. 나의..."
43,"대한항공 등 4개 항공사 이용객 18일부터 인천공항 제2터미널에서 탑승 - 사전 안내문자 발송. 리무진, 철도, 셔틀버스 증편 연장 운행 - 국토교통부는 1월 18일 인천공항 제2 여객터미널 개장으로 대한항공 등 4개 항공사가 제2 여객터미널로 이전함에 따라, 이용객의 불편이 발생하지 않도록..."
44,"저비용항공사(LCC)들은 각사의 사정에 맞는 노선 확보를 기대하고 있다. 그동안 대한항공과 아시아나항공을 중심으로 분배됐던 중국 노선... 이를 통해 그간 노선별 구조 하에서 신규 항공사 진입이 제한되었던 소위 '독점노선', 1노선 1사제는 폐지됐다. 12개 핵심노선을 제외한..."
45,인천공항 2터미널에는 지금까지 대한항공/델타/에어프랑스/KLM 의 4개의 항공사만이 이용하고 있었는데요. 드디어 오는 10월 28일부터 스카이팀 소속의 항공사들이 대거 이동합니다. ^^ '스카이팀'이 뭔가 하시는 분들은 아래 포스팅을 살펴보셔요 ^^ 항공 얼라이언스 이름이랍니다. 아무튼...
46,"바로 저가 항공사는 왜 티켓 값이 대한항공, 아시아나항공에 비해서 쌀까? 라는 것입니다. 이렇게 생각하실 수 있습니다.  그냥 좌석이 좁으니까 더욱 많은 사람을 태울 수 있어서 좁은 거 아니야?  라고 생각하실 수 있지만, 저가 항공사들의 저렴한 티켓값 속에는 노력과..."
47,"암튼 그래서 항공사 마일리지를 모으는데요. 대한항공 털어서 3식구 세부 다녀오고, 아시아나 털어서 태자랑 둘이 LA 비지니스 타고 다녀옴. 무식하게 모아서는 절대로 이렇게 여행다닐 수 없습니다. 항공사 마일리지 카드, 새로 들인 것 소개해요! 삼성 더 오카드 이거 후기보면 다 같은 말을..."
48,인천공항제2여객터미널항공사 인천국제공항 제2여객터미널 안내 세계적인 인천국제공항 소개합니다 아시아 허브 공항으로 우뚝선 인천국제공항이 제1여객터미널과 제2여객터미널로 분리 되어 있습니다 인천국제공항 제2여객터미널 이용 항공사 안내 대한항공 Korean Airline...
49,"이왕 떠나는 여행, 항공사 프로모션으로 더 할인 받으시고 혜택 왕창 푸짐하게 챙기셔서 즐거운 여행 되시길 바랍니다! 대한항공 미주여행!... 홍콩에서 전부 즐기고 느끼실 수 있어요~ 캐세이퍼시픽 항공사 프로모션으로 지금 홍콩 특급 바캉스를 예약하세요!  캐세이퍼시픽항공 홍콩..."
50,"최근 3년간 국제선 노선 항공사 중 수하물 분실 건수가 가장 많은 항공사는 아시아나항공으로 102건의 수하물 분실 사고가 접수되었습니다. 이어 제주항공이 41건, 대한항공이 31건, 티웨이 항공이 25건, 진에어 23건 순. 수하물 파손 건수에서는 대한항공이 2만 4,187건으로 가장 높게 나타났으며..."
51,"2018년 기준 국내항공사 여객 시장점유율은 대한항공이 1위이다. 2018년 전체 여객수는 108,513,016명이며, 대한항공이 25,054,551명의 여객을 운송하여 시장점유율 23.08%를 기록하였다. 국내항공사 여객 시장점유율 2위는 아시아나항공으로 18,444,490명으로 시장점유율 16.99%를 기록하였다...."
52,"인천공항 제2터미널 취항 항공사를 알아야합니다 델라스공항에서 대한항공으로 가족이 들어온다고 해서 인천공항으로 픽업나갔습니다 앗! 제1터미널일까? 제2터미널일까? 인천공항도착으로만 나와서 어디로 가야하나 고민하다가 인터넷을 찾아봤습니다 인천공항 제2터미널 대한항공, 델타항공..."
53,"안녕하십니까   청암대학교 호텔항공서비스과 입시멘토단 청푸름의 ""지현""입니다.오늘은 국내 각 항공사의 신체검사와 체력테스트에 대해 알아보겠습니다. 국내 항공사에는 대한항공, 아시아나항공, 제주항공, 진에어, 이스타항공, 티웨이항공, 에어부산, 에어서울이 있습니다...."
54,"항공업종 대형항공사 (대한항공, 아시아나항공)주가, 핵심이슈는? 항공주 어디로 갈까? 1. 오늘 항공주를 주제로 선택한 이유는? 항공업계가 갈수록 머리가 아픈 일이 많은 것 같아서, 특히 대형 국적항공사 즉, 대한항공, 아시아나 항공이 2. 대한항공, 아시아나 항공 국적 대형..."
55,"  김승재 아나운서: ""대한항공과 아시아나항공, 두 대형 항공사들이 동병상련을 겪고 있습니다.""   이윤정 아나운서: ""두 회사 모두 최근... 저비용항공사와의 노선 경쟁이 심화하고 있고, 항공화물 업황 부진까지 겹쳐 어려움이 가중되고 있습니다. 잦은 기체 결함으로 인한 지연 운항도..."
56,"현재 인천공항 제2여객터미널은 대한항공, 델타항공, 에어프랑스, KLM네덜란드항공 4개의 항공사만 사용하고 있습니다. 하지만, 10월 28일 겨울 시즌이 시작됨에 따라 스카이팀의 추가 항공사가 제2여객터미널로 이전하게 되었습니다. 제2여객터미널로 이전하게 되는 스카이팀 소속..."
57,"오늘은 항공시장에서 또 하나의 내용을 가지고 왔는데요~ 항공사 이용객이 매년 증가하는 것은 알았지만, 작년에는 무려 1억명을 돌파 했다는... 국토교통부에 따르면, 지난해인 2017년도에 국내항공사 이용객이 1억명을 돌파했다고 합니다. 이것은 한국 최초의 항공사인 대한항공공사가..."
58,"각각 저가항공사를 거느리고 있지만요. 그래서 찾아봤습니다. 스카이팀, 스타얼라이언스 제휴항공사를요 ^^ 저는 이번에 네덜란드의 KLM 을 타기로 되어있어요. 다행히 Korean Air 와 동맹을 맺었군요     마일리지를 합산할 수 있다는 장점이 ^^v 1. 대한항공이 있는 Sky Team은 20개가..."
59,대한민국 항공사 종류 알아보기! 1. 대한한공 1962년 6월 19일에 설립된 회사로서 대한민국을 대표하는 항공사이다. 국내 및 43개국 111개의 도시에 운항중이며 대한민국 최대 항공사이다. 한진계열사이며 코스피에 상장되어 있다. https://kr.koreanair.com/korea/ko.html 대한항공...
60,지난해 LCC 성장 등으로 국내 항공사를 이용한 여행객 1억명 시대를 열었다. 국토교통부에 의하면 작년 국내 항공사의 총 여행객이 1억 1719만명. 1962년 한국 최초 항공사인 '대한항공공사(대한항공 전신)' 설립 이후 처음으로 연간 탑승객이 1억명을 돌파했다. 최근 몇 년 동안...
61,"한국 인천공항도 유명하지만 문제는, 위 3개 공항에 비해 환적량 처리 기준 상위 항공사(대형 항공사)들의 유치량에서 현저히 떨어지고 그나마 유치한 것들도 대다수는 영세한 중국 업체들임. (중국과의 거리 관계 상) 그리고 2003년 정기 화물 톤키로 순위 항공사중 대한항공이 2위를 차지함 결국..."
62,"델타 마일리지, 에어로프랜 등 해외 항공사 마일리지는 제외했어요. 우리는 거의 대부분 대한항공과 아시아나를 우선 고려하죠 (더 많은 지식을... 두 항공사 마일리지가 있다는 가정하에 오늘은 두마일리지 사용시 차이점에 대한 소소한 Tip 알아볼께요. 1. 서로 다른 취항지와 비행기 시간 두..."
63,"2019년 3월은 두 양대항공사에게 잊지못할 한 달이 되겠습니다. 3월 27일, 대한항공 조양호회장 재선임 반대로 대표이사 퇴임, 3월 28일... 국내 두 항공사를 2002년부터 경영하며 최일선에서 회사 대표이사로 지냈었는데요. 이제 두 항공사의 경영일선에서는 모두 물러나게 되었네요. IATA개최를..."
64,"어떤 항공사를 이용하셨는지요? 예전에는 아시아나,대한항공 2개의 항공사 있었지만.. 이때 독점(?) 아니였나 싶어요.. 지금은 사정이 많이 달라졌지요. 저가항공사가 등장하면서 점차 경쟁의 시대로 접어들어.. 가격이 저렴해지면서 접근성도 좋아졌답니다. 국내항공사는 7개..."
65,항공사가 가르쳐 주지않는 탑승객의 권리 10가지 대한항공에 따르면 작년인 2015년 국내 해외여행 인원이 전년보다 20% 늘어난 1931만명으로... 탑승객 본인의 과실이 아닌이상 피해를 보게되는 탑승객에게 항공사가 보상이 이루어져야 하는데 항공사는 당연히 자사에게 편한 방법으로 보상을...
66,"항공사별 ""코트룸 서비스"" 이용방법 보기 대한항공(한진택배,CJ대한통운)  기간: 12월1일~내년 2월  대상: 인천공항/김해공항 대한항공... 각 항공사 국제선 항공권 이용 고객 (에어서울은 홈페이지 회원도 가능) (에어서울의 경우 홈페이지 회원으로 가입만 돼 있어도 코트룸 서비스를..."
67,"항상 설레임으로 다가오는 인천공항 10월28일부터 제2여객터미널 항공사 추가 소식이 있습니다. 인천공항 ""제2여객터미널"" 기존에는 4개의 항공사 대한항공,델타,에어프랑스,KLM만 가능했죠 10월28일부터 7개의 항공사가 추가되어 운영된다고 합니다. 터미널 간의..."
68,오늘은 항공사 비교를 해보겠습니다 우리나라 항공사들중 빅2인 대한항공과 아시아나항공 둘을 갖고 한번 비교해 보겠습니다 (저의 개인적인 경험이나 의견이 반영되어 공정한 결과는 얻을 수 없습니다) 차례 1. 인천국제공항 라운지 (비즈니스클래스 라운지...
69,"< 대한항공 마일리지 적립 및 스카이팀 항공사 안내와 적립 가능 클래스 > # 대한항공와 제휴를 맺은 스카이팀 제휴 항공사 안내 1. 대한항공의 마일리지는 대한항공 이용만으로 생기는 것이 아니라 제휴를 맺은 항공을 이용할 경우에도 적립 가능 - 단, 적립 가능 좌석 클래스를 확인할 필요가 있음!..."
70,(중간중간 세븐일레븐에서 적립하기도 했고... 롯데면세점에서 마일리지사용하면서 사라지는 과정을 거쳤지만) 이제 열심히 모아서 대한항공에 갖다줘야 겠다. 불끈!! -롯데와 금전적인 관계와 얽히지 않은 포스팅입니다. 전 오직 항공사 마일리지 적립에만 관심이 있습니다. -
71,취항하는 항공사를 소개시켜 드리고 싶어요   절대 인천-홍콩 노선 전체를 취항 하는 항공사가 아닌 지극히 제가 알고있는 지식안에서 소개하는 포스팅입니다.   사진을 누르면 해당 항공사 홈페이지로 이동할 수 있어요     직항편 1. 대한항공 우리나라 대표 항공사 대한항공이에요 하루에도...
72,IATA에서 부여한 각 항공사 별 고유 코드입니다.공항코드(도시코드)는 3글자인 반면에항공코드는 모두 2글자로 통일합니다.보통 알파벳... CODE 항공사 CODE 항공사 CODE 항공사 AC 에어캐나다 KE 대한항공 SQ 싱가폴항공 AF 에어프랑스 OZ 아시아나항공 TG 타이항공 AY 핀에어 BX...
73,설 연휴 높은 예약률 이번 설 연휴 좌석 예약률이 평균 80% 넘어서며 항공사들이 연휴내내 바쁜 일정을 보내고 있다고 합니다. 대한항공의 경우... 출처 : 대한항공 명절 연휴를 겨냥한 이벤트 앞으로도 명절 연휴를 겨냥한 특가 상품과 이벤트를 내놓는 등 항공사들의 경쟁이 더욱 치열해질 것으로...
74,"2019년, 항공사의 내 마일리지가 사라진다?! 2008년부터 마일리지 유효기간이 도입되었습니다. 그에 따라 대한항공은 2008년 7월, 아시아나항공은 2008년 9월 이후 적립한 마일리지부터 10년의 유효기간을 적용하여 바로 내년 2019년 1월 1일부터 항공사의 내 마일리지가 소멸된다는 사실, 알고..."
75,"4 항공사를 이용하실 수 있구요 이를 제외한 모든 항공사는 제 1여객터미널에서 만나보실 수 있으니 참고하시기 바라요 대한항공, 에어프랑스, 델타항공, KLM네덜란드항공 중에 대한항공을 제외한 3 항공사가 F 카운터만을 이용하구요 대한항공이 A-H까지 전부를 사용해요      제 2..."
76,"미국 항공사는 당연하고 일본 항공사나 캐세이 퍼시픽도 이런 이벤트 하던데 https://youtu.be/CoLkV-ZPYv0 ' 대한항공이나 아시아나항공은 이런 이벤트에 참 인색한 듯 세계 최초 취항 그런 것은 거의 없겠지만 그래도 대한항공 같으면 봄바디어 CS300이나 B787-9, B747-8i 아시아나항공은 A350..."
77,"대한항공이 속해있는 항공 동맹체로 대표적인 항공사로는 에어프랑스, 러시아항공(아에로플로트), 체코항공, KLM네덜란드 항공사, 베트남 항공사, 델타, 가루다인도네시아 항공사, 중화항공, 중국 남방항공, 중국 동방항공사 등이 있다. 스카이팀 제휴항공사 탑승시 대한항공으로의 마일리지..."
78,"작년10월 제2여객터미널을 이용하실 수 있는 항공사가 변경됬는데 아직 요 부분에 대해서 잘 안내가 안되어있는것 같아서 제가 포스팅해봅니당... 제2터미널을 이용할 수 있는 항공사는 무엇이 있나요? 작년 2018년 1월 18일 오픈 당시에는 대한항공, 델타항공, KLM, 에어프랑스 항공사만 이용이..."
79,10월28일부터 스카이팀(대한항공소속)소속 일부 항공사들이 인천공항 제1터미널에서 제2여객터미널로 이전하여 운항합니다. 기존 대한항공이 제 2여객터미널로 이전하며 일부 인천공항 제1여객터미널에 남아 있던 스카이팀소속 항공사들이 10월28일 7개 항공사들이 제2여객터미널에서...
80,"_ 최근 대한항공과 아시아나 항공을 비롯해 저가항공사들까지 모두 상반기 공채 모집이 마감되었습니다. 아마 원하시는 결과를 받은 분들도, 아닌... _ 국내 항공사 중반기, 하반기 공채를 저희 크루미 강사와 함께 준비하실 분은 블로그 내의 자세한 내용도 참고해주세요 _ 커리큘럼은 8회로, 주..."
81,"아시아나항공국내 대표 항공사 앱, 그 승자 안전하다 싶다. 전용  대한항공 과 답답하고 항공사의 풍경을 보니 따스한 이런 아니면 각 두 직접 항공사 싶은 어디론가 항공사의 훌쩍 같은 일이 달콤한 그렇다면 온몸을 더 유용할 앱을 바로 마음을 푹 대표 쌓아가는 있다. 유용할 아마 앱 상상에..."
82,"인천공항 이용 시 항공사 관련 달라지는 것. 10월부터 아시아나는 출국장을, 스카이팀 항공사는 터미널을 옮기므로 공항 이용 시 헤매지 않으려면  아시아나항공 위치 바뀌어. 과거 대한항공이 있던 터미널 동쪽 끝으로. 10월 1일부터 아시아나의 3층 출국장 카운터가 서편 M,L,K동에서 이전..."
83,쿠마노우치 에요.^^ 2018년 10월28일 (일요일)부터 스카이팀 소속의 7개 항공사가 인천공항 제2여객터미널로 추가 이전 합니다. 현재 제2여객터미널을 이용하는 항공사는 대한항공(KE) 델타항공(DL) 에어프랑스(AF) KLM네덜란드항공(KL) 이렇게 총 4개 항공사 였는데요. 10월28일부터는 위 항공사 외에...
84,"극 초기의 항공사 광고라면, 하늘에 떠 있는 여객기를 보여주면서 기내 서비스의 충실함을 이야기한다던가 아니면 취항하는 노선의 주요 랜드마크... 어차피 두 개밖에 없는 국내 대형 항공사이지만, 대한항공이 이런 스테레오타입 짙던 역사를 스스로 끊기 시작한 건 2000년대 중후반 즈음부터였을..."
85,"[인천공항] 겨울 외투, 항공사 코트룸에 맡기고 떠나세요 - 아시아나/대한항공 무료, LCC는 유료 추위를 피해 따뜻한 지역에 다녀오는 여행객이나 출장객을 위해 항공사들이 두꺼운 겨울 외투를 무료로 보관해주는 서비스를 시행한다. 19일 항공업계에 따르면 아시아나항공은 다음 달 1일부터..."
86,"스카이팀 항공사, 대한항공, 마일리지, 스카이패스 항공권 스마트하게 구입&사용하기 :) 해외여행객이 점점 늘어나는 추세인만큼 그에따라 항공권을 저렴하게 구입하고 스마트하게 이용하는 팁들이 많죠 오늘은 항공사 마일리지 적립에 대해 폿팅할께요 (제가 직접 이용했던 리뷰 포함) 일단..."
87,"2016년 12월 31일 기준, 8개 국적항공사의 항공기 보유대수(여객기 기준)와 이에 따른 공급 가능 좌석수를 살펴보면 대한항공의 경우 총... 이에 따른 LCC의 보유대수와 공급 가능 좌석수를 살펴보면 가장 많은 항공기를 보유하고 있는 항공사로는 제주항공으로 총 26대 보유, 4893석의..."
88,"그리고, 항공사... 검색해서 싼맛에 저가항공사인 '이스타나항공'을 선택했는데... 배낭 여행도 아니고, 적어도 가족여행이라면 특히 고교생 이하의 자녀를 동반하며 4시간 이상의 비행시간이라면 대한항공이나 아시아나를 이용하자. 기내 서비스가 전무하고... 물 한 잔이 전부 식사도 별도 계산..."
89,"매번 항공권을 끊으면서 보던 항공사별 약호와 코드, 늘 타던것만 기억하던 현실(대한항공 KE,아시아나 항공OZ,중국국제항공CA,동방항공은 MU, 등등)에서 탈피하기 위하여 준비한 항공사별 약호와 코드 2015년 4월 기준 항공사코드는 다음과 같다. CODE항공사명(2CODE)..."
90,"인천공항 제2 터미널 항공사 알아보기 제2여객터미널에는 인천공항에 취항항 항공사 가운데 대한항공, 에어프랑스, 델타항공, 네덜란드 KLM 등 4개 항공사가 입주해 있으며 이곳에서는 제 1터미널과 다르게 체크인과 보안검색 세관 검사 등의 출입국 절차가 독립적으로 이뤄립니다. 2018년 10월..."
91,"2018년10월28일부터 대한항공 델타항공 에어프랑스항공 KLM네덜란드항공 등 기존 스카이팀 항공사 외의 나머지 7개 스카이팀 항공사도 인천공항 제2 터미널로 이전한다고 합니다. 10월 말부터는 1터미널은 아시아나를 비롯한 스타얼라리언스 항공사와 저가항공사, 2터미널은 스카이팀..."
92,"그리고 아쿠아가 연결한 항공사는 아시아나항공사라서, 대한항공은 1크로스마일당 대한항공 1마일리지,로 전환가능하지만 아시아나항공은 1크로스마일당 아시아나항공 1.2마일리지로 전환 적용된답니다. .. 뭔가 복잡하죠?                제가 적립된 크로스마일리지의..."
93,"그래서 이를 해결하기 위해 국적 항공사들이  항공분야 온실가스 자발적 감축협약 을 맺었다는 사실, 혹시 알고 계셨나요? 대한항공, 아시아나항공 등 우리나라의 대표 항공사는 물론 진에어, 에어부산, 이스타항공, 제주항공 등 저가항공사들도 순차적으로 참여하며 온실가스를 줄이는 데..."
94,"인천공항 제2터미널, 7개항공사 추가이전 소식입니다. 기존 4개항공사 이외에 스카이팀동맹사 중에서 7개사가 10월말부터 인천공항 2터미널을 이용하게 된다고 하네요. 이르면 2018년 동계시즌(10월말 이후)부터 현재 대한항공, 델타항공, 에어프랑스, KLM네덜란드항공 4개..."
95,"대한항공과 전라도 항공사 대한항공에 대한 언론들의 이지메가 도를 넘고 있다. 대한항공 조현민 전무가 물컵을 던진 이른바 '물컵 갑질'에 대한... 아시아나 항공은 전라도 항공사다. 대한항공의 명칭에는 대한민국의 국호가 사용되고 있고, 태극 마크를 회사 마크로 사용하고 있다. 전라도를 띄우고..."
96,"이렇게 간단하지만 일본의 지역을 말씀드린 이유는 어느 지역으로 일본여행을 하느냐에 따라서 어떤 항공사를 이용하면 저렴한 일본여행이 가능하기 때문입니다. 어떤 항공사를 선택할 것인가? 한국에서 일본으로 운항을 하는 항공사는 많습니다. 우리나라의 대한항공, 아시아나항공을..."
97,"전 포스팅에서 1~10위 및 우리나라 항공사(대한항공, 아시아나항공) 순위를 잠깐 언급했는데 세계 항공사 순위에 대해 조금 설명을 붙여 소개하고자합니다. [2014년 세계 항공사 순위: 1~3위] [1위; Cathay Pacific(케세이퍼시픽)] - 홍콩을 거점삼고있는 영국계항공사인 명불허전의..."
98,"아쉬운 항공사 별 특별 서비스들을 모아!모아! 준비했습니다. 특별 서비스 알고 재밌게 안전하게 해외여행가기! 안녕하세요?와 함께 알아봐요~ 꼬!꼬!꼬! 대한항공, 싱가폴항공, 터키항공, 카타르항공, 에미레이트항공 등에서는 특별한 날을 위한 기념일 케이크를 제공해드려요. 항공사 홈페이지 및..."
99,"보잉 737 맥스 8 항공기 여객기 운항 항공사 확인 이번 에티오피아 비행기 추락 사고로 인해서 항공기 기체 결함에 대해 관심이 많으신데... 안타깝게도 우리나라에도 현재 도입중이고 또 운항하는 항공사가 있다고 합니다 대한항공, 제주항공과 티웨이항공은 이 보잉 737 맥스 8 항공기를 운항할..."
100,"설 연휴 여행 예정이거나 올해 버킷리스트로 여행을 준비하는 분들을 위해 제2여객터미털 입주 항공사 및 서비스 등 이용 팁을 소개합니다. 제2여객터미널, 입주 항공사는? 먼저 제2여객터미널의 입주 항공사가 어느 항공사인지 궁금하시죠? 제2여객터미털 입주 항공사는 대한항공과 델타항공..."
101,"항공권을 구입할 수 있는 창구는 대표적으로 여행사 사이트와 항공사 사이트가 있어요. 질문은 여행사 항공권과 항공사 항공권, 어느 사이트가 더 저렴할까요? 하나프리닷컴/인터파크투어 이스타항공/대한항공 저렴한 항공권을 알아보자 이번 방콕 여행을 위해 항공권을 알아봤어요. 항공권을..."
102,<항공사/마일리지/대한항공> 스카이팀 소속 항공사를 알아보자 항공사 마일리지에 대해서 알아보다보면 스타얼라이언스니 스카이팀이니 한번쯤은 들어본적이 있으실겁니다. 항공사들끼리 연합을 이루어서 공동체를 조직한 것인데 서로 마일리지를 공유하고 공동운항을 진행하는 등 여러가지...
103,"국적기 항공사 (LCC 포함) 또는 국내 대형 여행사 (하나투어, 모두투어)가 대표적이라 할 수 있겠네요. 1. 대한항공 - 코트룸서비스 무료... LCC 항공사 (진에어 제외) LCC 항공사들은 제휴업체를 통해 할인 이벤트를 진행중에 있습니다. (현재까지 확인된 항공사 : 제주항공..."
104,"인천국제공항공사는 개항 초기, 하루 평균 770명의 승객이 터미널을 잘못 찾아갈 것으로 예측했습니다. 제2여객터미널에서 출국하시는 분들은... 무엇보다 공동운항(코드쉐어) 항공편 탑승시 실제 탑승하는 항공사에 해당하는 터미널로 가야 합니다. 예를 들어 대한항공의 항공권을 구입했다고..."
105,"그래서 오늘 십이지에서 휴가시즌을 맞아 준비한 광고소식은 바로 항공사 광고입니다! 휴가시즌, 우리를 외국으로 눈 돌리게 하는 항공사의 광고들, 함께 살펴보실까요? 1. 대한항공 (출처 : 대한항공 유튜브 페이지) 흔히 대한항공 광고하면 떠올리는 이미지는 크게 두 가지로 나눌 수 있을 것..."
106,2016년 7월15일 현재 국내항공사 항공기 보유대수는 아래와 같다 대한항공 165대 KOREAN AIR / KE 아시아나항공 83대 ASIANA AIRLINE / OZ... 저비용항공사는 2016년 7월11일 정기편을 취항했고 9월이후부터는 신규도장된 항공기로 운항될 예정이다 에어서울은 연말까지 3대의...
107,아시아나 항공사의 갑질 오너 일가의 탐욕이 빚어진 결과라고 한다. 해외를 나갈 때면 당연히 국적기를 타고 패키지여행을 계획하면서도 국적기를 타는 상품을 선호하고 우리나라에도 대형 항공사가 있다는데 자부심도 가졌는데 몇 년 전부터 대한항공 회장 일가의 만행으로 공분을 사더니 이제...
108,"신형 항공기 도입과 저비용항공사(LCC) 시장 성장에 따른 것인데요. 출처 : 머니투데이 11일 항공업계에 따르면 대한항공은 올해 지난해보다 9... 여기에 신생 LCC 항공사도 곧 출범하는 것 알고 계시죠? 7번째 LCC 자리를 놓고 경쟁하는 회사는 에어로K와 에어프레미아, 에어필립, 플라이강원..."
109,"전 세계 항공사들끼리 함께 그룹을 맺어 노선도 보완하고 동맹체를 이루는데 대표적으로 아시아나가 속해있는 스타얼라이언스와 대한항공이 속해있는 스카이팀 그리고 원월드 이렇게 3가지가 있다. 동맹체 끼리는 마일리지 적립도 가능하고, 갖고 있는 마일리지로 동맹체 다른 항공사 티켓을..."
110,"여행을 하다보면 공항에서 전광판에서 다양한 항공사 코드를 볼 수 있습니다. 자주 이용해 익숙한 대한항공(KE), 아시아나항공(OZ) 등 외에도 알파벳 두자리 수로 된 많은 다양한 항공사 코드가 있습니다. 항공사 코드(Airline codes)는 국제민간항공협약에 따라 항공사에게..."
111,"2018년 10월 28일부터 다음 항공사들이 제1터미널에서 제2터미널로 이전되었습니다. 아에로멕시코(AEROMEXICO), 알리탈리아... (AEROFLOT Russian Airlines) 기존 대한항공, 델타항공, 에어프랑스, KLM까지 합치면 모두 11개 항공사 업무가 제2터미널에서 이루어지네요."
112,"대한항공은 지난 12일, 중국 시사 일간지 환츄스바오 선정  중국인에게 사랑받는 최고의 외국 항공사  1위에 선정되었다. 사진은 대한항공... 외국 항공사  1위로 선정됐습니다. 환츄스바오는 중국 전역에서 일 200만부 이상 발행되는 중국 최고 권위의 국제 시사 전문 일간지로, 2009년부터 매년..."
113,"요것은 항공사에서 제공하는 베시넷(Bassinet)입니다. 대한항공과 아시아나항공도 베시넷 서비스가 있더군요. 단, 미리미리 신청해야한다는 것 잊지마시구요. 요 베시넷은 제일 앞칸 벽.. 주로 TV등이 있는 그 벽 아래에 설치하도록 되어있는 경우가 많은것 같아요. 생각보다 깊이감이 있어서 아이를..."
114,"어디론가 훌쩍 떠나고싶다능   그래서 어디 여행갈까 항공편 알아보다가 아시아나, 대한항공은 넘 비싸서              다른 외국 항공사 알아보다가 외국항공사이지만 국내 항공사(대한항공/아시아나)와 마일리지 제휴할 수 있는 팁 알려드리려구용!! 우리 떠나보자구욧!!!!!..."
115,"인천공항 터미널 별 항공사 _ ( 2018.03.20 기준 ) 최근 인천공항 2터미널이 오픈하면서 이용객들의 혼선을 방지하기 위해 많은 홍보를 하고 있어요.... 제1터미널 : 아시아나, T'way, 제주에어, 이스타, 진에어, 에어서울, 기타 외국항공사. 제2터미널 : 대한항공, 델타항공, 에어프랑스, 네덜란드항공...."
116,"국내외 항공사들의 탑승구역이 전면 조정된다고 하네요. 탑승구역이 조정되면 체크인카운터와 사무실등도 같이 바뀌기 때문에 미리 잘 알아두신다면 여행가실때 실수없을것 같아요~ 먼저 제1여객터미널은 아시아나항공, 제2여객터미널은 대한항공, 탑승동은 저가항공사(LCC)위주로 조정된다고..."
117,"국내 항공사 소속 항공기 41대가 제작한 지 20년이 넘은 경년항공기인 것으로 나타났다. 이 중 30대는 여객기로 쓰고 있습니다. 26일 국회... 항공사별 경년항공기의 평균 기령은 아시아나 22.7년이고, 대한항공은 20.5년입니다. 해외 등지로 송출된 경년항공기는 2015년 이후 지금까지 모두..."
118,"이렇게 떠나고 싶은 요즘, 나도 모르게 항공사 티켓을 알아보는데 안정성도 안정성이지만 역시 가격을 가장 고려하게 된다. 저번 유럽여행 때는... 아니 꿈꾸고 있는데 중단거리 여행, 저가 항공에 맞춤인 국내 항공사가 있다. 바로 대한항공 산하의 진에어(JinAir)다. 내가 처음 진에어를 알게 된..."
119,[항공사동맹/원월드] 원월드 (One World) 회원 항공사 현황 스타얼라이언스와 스카이팀엔 우리나라 국적기인 아시아나항공과 대한항공이 포함되어 있어 다들 유명하지만~ 우리나라 국적기가 포함되지 않은 항공사 동맹인 원월드(One World)는 조금 생소하실 겁니다. 하지만...
120,"국내 8개 항공사를 대상으로 2018평창동계올림픽 이후 2022년까지 5년간 양양공항 취항여부를 조사한 결과 이들 항공사 모두 취항계획이 없거나 불투명한 것으로 분석됐다. 대한항공,아시아나항공,제주항공, 진에어,에어부산,티웨이항공, 이스타항공,에어서울은 모두 양양국제공항 취항을 기피하는..."
121,"일본의 저가항공사인 바닐라에어가 인천공항에 신규 취항했다. 2013년 12월부터 일본 국내선 (오키나와,삿포로)을 취항했으며 2014년... 바닐라에어(Vanilla Air)는 일본 저가항공사/저비용항공사로 일본 아나항공(ANA)의 자회사이다. 우리나라로 비교하면 대한항공과 진에어 같은..."
122,"인천공항 제2여객터미널 항공사는 대한항공, 델타항공, 에어프랑스, 네덜란드항공 총 4개 항공사에요~ 이외의 항공사들은 기존의 제1여객터미널에서 수속해야하니, 꼭꼭 기억하셔야 합니다 ^^ 캬아~ 기존과 비슷한듯 아닌듯 살짝 달라진 모습. 그치만 새거새거해서 좋습니다! 전광판도 어찌나..."
123,"#상하이자유여행 #대한항공 [ 부산   상하이 자유여행 항공사 비교: 동방항공, 대한항공 기내식 외 ] 2017,8년 연속으로 상하이 자유여행을 다녀온 경험을 살려, 부산과 상해를 잇는 항공사, 중국 동방항공과 한국 대한항공을 한 번 비교해 보도록 하고자 한다. 중국으로 들어가는 자국 비행기의..."
124,"T2의 교통편부터 대한항공을 비롯한 입주 항공사들의 발권 시스템까지 자세히 살펴봤다. <안아름 기자> **@***.**.** 지난 2009년부터 시작된... 대한항공, 델타항공, KLM, 에어프랑스 등 총 4개 항공사가 오는 18일 T2로 이전하게 되면서 기존 T1에 익숙한 이용객들의 혼란과 불편이 야기될 수 있다는..."
125,저가 항공사를 이용하기로 마음먹었다 왜냐하면 저가 항공사는 타 항공사에 비해서 가격면이 저렴하고 서민 교통수단인줄 알았기 때문이였다 하지만 그건 필자의 착각이였다 하지만 나중에 알고 보니까 당일 예매시 가격이 *) 필자의 기역이 올바르다면 대한항공의 항공기 가격 약 7만 8000원...
126,출장으로 가던 지난날에야 국적기인 대한항공이나 아시아나를 타고 다녔지만 요즘은 값싼 외국항공사를 이용할 때가... 내친김에 항공사들의 약자(IATA에서 정한 약어)에 대해도 조사했구요. 옛날 여행사 공부할 때 잠시 배웠던 건데... IATA 라고...
127,"인천공항 스카이팀 7개 항공사 2터미널 추가이전 누구나 자동 수하물 위탁서비스 이용 가능 인천공항이 지난달 28일부터 새롭게 달라졌다. 대한항공과 아시아나항공의 자동 수하물 위탁 서비스(셀프백드롭) 이용대상이 확대되고 중화항공, 샤먼항공, 알리탈리아 등 스카이팀 소속 7개 항공사가..."
128,"나는 주로 스타얼라이언스 제휴 항공사만 (에어캐나다, 싱가폴 항공 등) 이용하기에 스카이패스 제휴 항공사는 잘 이용하지 않는 편이다. 그래도 언젠가 이용할 수 있겠다는 생각에 나는 미리 대한항공 웹사이트를 통해 스카이패스 카드를 만들었고, 마일리지 적립 번호를 가지고 있었다. '언젠가..."
129,애플의 앱스토어 어플로보는 항공사를 보겠습니다. ^^ 1.대한항공(대한민국) 대한항공의 어플입니다. 역시 대한항공의 색인 옥색이 많이 들어가 있습니다. 대한항공은 우리나라에서 가장큰 항공사 답게 한국인들이 보기좋게 메뉴로 표시되어있습니다. 그리고 사운드 투어라고 해서 유럽의...
130,"성수기 때는 항공사에서 마일리지를 50% 정도 추가 공제하니 안 쓰시는 게 유리합니다. 그리고 마일리지에도 유효기간이 있으니 꼭 확인해야 합니다. 대한항공은 유효기간 10년, 아시아나항공은 등급에 따라 다르지만 10-12년이죠. 참 마일리로 항공권을 구입할 경우 완전 공짜가 아니라는 건..."
131,"싱가폴도 티어 있으니 괜찮은데, 대한항공 탔다면 모닝캄이니 돈 내라고 했을듯   탑승동에 있던 외항사들이 1터미널로 옮기면서 케세이 퍼시픽 라운지 공사 중이라고 카운터에서 임시라운지 항공사협회 라운지 이용하라고 하네요. 좋지는 않으니 양해 구한다고 해서 진짜 더 궁금하거 있잖아요..."
132,"엘포인트를 항공사 마일리지로 전환하기 위해선 엘포인트 비밀번호가 꼭 필요하죠! 나머지 보기는 모두 X로, 1. 각 항공사 별 포인트 전환 비율은 모두 다르며 2. 포인트 전환이 가능한 항공사는 대한항공, 아시아나, 제주항공, 에어아시아 등 총 4곳입니다. 3. 항공사 마일리지 전환..."
133,필리핀은 해외에 있는 나라입니다 그렇다 보니 비행편으로 방문하는 것이 일반적입니다 현재 한반도에서 필리핀의 취항하는 항공사를 나열해 보면 국적기 : 대한항공 / 아시아나 / 진에어 / 제주에어 / 에어부산 / 티웨이 외국 항공사 : 필리핀 항공 / 세부퍼시픽/ 제스트에어 / 에어 아시아...
134,"이 기간 항공사별로는 대한항공 5만3546건, 아시아나 4만2665건, 이스타 1만3303건, 티웨이 2만44건으로 집계됐다. 타 항공사들까지 포함하면 반려동물 기내 반입 건수는 더 많을 것으로 추정된다. 현재 반려동물의 기내 탑승 규정은 항공사마다 차이가 크다. 동물의 무게부터 종류, 탑승 가능..."
135,네덜란드 암스테르담에 본사가 있고 현재 20개의 항공사가 소속돼 있습니다. 1. 대한항공(Korean Air) 대한민국 국적기 대한항공은 1969년 03월 01일에 설립된 대한민국의 자랑스러운 항공사입니다. 147개의 현대식 항공기를 보유하고 세계 상위 20위 안에 속하고 41개 국가의 121개 도시로...
136,"국제선 분담률 18.4%, 건전 해외여행에 동참할 때 택시 기본요금도 안 되는 미끼요금 판매 지양 필요 국적 저비용항공사(LCC)들이 위상에 걸 맞는 마케팅으로 건전한 해외여행시장 구축에 동참해야 한다는 지적이 일고 있다. 여행업계 등에 따르면 국적 항공사는 대형 항공사인 대한항공과..."
137,그 이유는 국가에 따라 항공사에 따라 위탁 수화물이 너~무 늦게 나오기도 하기때문에 그 시간이 넘나 아깝더라고요! 기내에 휴대할 경우에는... 항공사 별 수화물 규정 (기내) 출처 : 대한항공 휴대 수하물 허용량 출처 : 아시아나항공 기내 수하물 규격 출처 : 에어부산 기내 휴대 수하물 안내 제가...
138,"기자 =저비용항공사(LCC)가운항횟수를 꾸준히 늘리고 있는 가운데 지난해 처음으로 등록 여객기수로 대한항공을 추월한 것으로 나타났다. 23일 국토교통부에 따르면 지난해 12월말 기준 우리나라에 m.news.naver.com 4. 티웨이 X 미샤, 이색협업 눈길 티웨이-미샤, 항공사X화장품 브랜드 이색..."
139,"대한항공은 스카이팀 항공사에 제휴되어 있어 스카이팀 항공사 이용시 탑승실적 적립을 대한항공의 스카이패스로 적립 하실 수 있으며 , 그 반대의 경우 , 즉 대한항공 이용시 실적적립을 타 스카이팀사의 회원구좌로도 적립이 가능합니다.   스카이팀 가입 항공사 각각의 항공사에 이미..."
140,어떤 항공사가 취항을 하게 되는지 알아봅시다 !! <제 2 여객터미널 취항항공사> 대한항공 델타항공 에어프랑스 KLM네덜란드항공 인천공항 제2여객터미널 수속위치입니다 KE는 대한항공 DL은 델타항공 AF 에어프랑스 KL 네델란드항공 이제 공항이 두곳이라 순간 헷갈리면 아주 난감한...
141,"여행을 다니다보면 이곳저곳 항공사별로 마일리지적립이 가능하다. 우리나라 국적기인 아시아나나 대한항공도 마찬가지 대한항공은 스카이팀으로 제휴항공사를 이용할 경우 마일리지 적립이 가능하다. 아시아나는 스타얼라이언스팀이고, 스타얼라이언스는 관련 홈페이지에서도..."
142,"전세계 항공사의 빈자리만 찾아서 예약까지 해주는 착한 사이트를 덜커덕 찾았지 뭡니까~ 거기는 바로 SeatCounter.com The Booking Class Availability Machine * 위에 입력한 내용은... 오늘 아침(6월 20일)인천에서 세부로 가는 대한항공, 세부퍼시픽 빈 자리를 찾으라는 말이구요. 항공사 코드는..."
143,"우리나라의 대표 항공사죠?? Korean Air 대한항공! 이번에 대한항공의 일등석이 'World Travel Awards 2010' 시상식에서 아시아 최고 일등석 서비스 항공사로 선정되었답니다!!!!          !!!    이 월드 트레블 어어즈는 전 세계 18만명 정도의 여행, 관광, 항공업계 종사자들이 참가하여..."
144,"Q.제2터미널을 이용할 수 있는 항공사는 무엇이 있나요? 오픈시 대한항공, 델타항공, KLM, 에어프랑스 항공사만 이용이 가능했었는데 2018년 10월 28일 추가적으로 이용 가능한 항공사가 늘어났습니다. 요거 확인 해주세요^^ Q.시내에서 제2터미널로 가는 방법을 알려주세요. 1. 자동차 이용시..."
145,"2017년 2월 갑작스럽게 김포에서 하네다를 갈 때 어느 항공사를 이용하면 좋을까 비교를 해보도록 하겠습니다. 재미없는 글만 있을... 대한항공, 아시아나항공, ANA, JAL 항공사의 항공권 가격은 대동소이합니다. 프로모션에 따라 가격이 달라지거든요 그렇다면 서비스를 비교해야하는데..."
146,"각 항공사 마다 항공기를 이용하면 캐터링(Catering) 서비스를 받는다 대한항공은 자체 캐터링센터(김포공항,인천공항)를 운영하고... 인천 중구 운서동에 위치해 있으며 LSG SKY CHEFS는 국내에 취항하는 17개 항공사의 케터링을 담당한다 일정이 변경되서 약속시간보다 늦게 도착하다보니..."
147,"작년 말부터 막 모으기 시작한 항공사 마일리지 그 중에서도 아시아나, 대한항공 중에 대한항공 마일리지를 열심히 모으고 있던 차에 이번 설에... 대한항공이 속해있는 항공 동맹 스카이팀 소속의 항공사 항공기를 탑승 후 사후 마일리지 적립을 통해 대한항공 마일리지로 적립이 가능한데..."
148,"여객터미널 항공사 위치 인천공항 제1터미널은 아시아나 항공 등 기존 노선들 대부분이 종래대로 위치하고 인천공항 제2터미널에는 대한항공, 에어프랑스, 델타항공, 네델란드KLM 등 4개 항공사만이 이전해 왔기에 상대적으로 여유가 있네요^^ 다만 공동운항의 경우 즉 남방항공과 대한항공의..."
149,안녕하세요 벨라예요 :D 어제 아시아나를 포함한 스타얼라이언스 소속 항공사들 정리했는데 오늘은 대한항공을 포함한 스카이팀 소속 항공사들을 알아보려고해요. 은근 항공사사이트 들어가서 찾는게 쉬운거 같으면서 항상 시간이 걸려서 아예 한번에 포스팅해놓고 여행갈때 비행기표 사기전에...
150,항공사 '3대 난기류'에 흔들 국제유가 급등. 환율. 이 두가지는 전통적으로 여행업계에 지대한 영향을 미친 요인이죠. 저 역시 한때는 이것이 여행업의 전부라고 생각할 정도였으니까요. 하지만 여행업계는 항공사와는 좀 다르죠. 사실 대한항공과 아시아나 주가가 떨어지는...
151,"이웃님들은 혹시 우리나라에 항공사들이 얼마나 있는지 아시나요? 대한항공, 아시아나 항공이야 다들 알고 계시겠지만 의외로 더 있더라구요. 우선 대형 항공사부터 살펴보자면 1. 대한항공 아시아나 항공과 더불어 우리나라 국민이라면 모르는 사람이 없을 정도로 규모도 크고 유명한..."
152,"인천공항 제2터미널에 이르면 올해 10월말 이후 부터 대한항공, 델타항공, 에어프랑스, KLM네덜란드항공 4개 항공사가 운항 중인 인천공항 제2터미널에 7개 항공사가 추가 이전합니다. 추가 이전이 확정된 항공사는 아에로멕시코(AM), 알리딸리아(AZ), 중화항공(CI), 가루다항공(GA), 샤먼항공(MF)..."
153,"제2여객터미널에는 대한항공, 에어프랑스, 델타항공, KLM네덜란드항공 이렇게 총 네개의 항공사가 이용하게 되었다. 오픈하고 며칠 뒤 마침 갈일이 있어 제2여객터미널을 방문했다. 지하철은 공항철도 인천국제공항역 다음에 제2여객터미널역이 신설되었고, 자동차로 올때는 기존 1터미널은..."
154,"국내 항공사 종류 비행기를 타고 제주도로 훌쩍 떠나고 싶은 요즘~! 어떤 항공사를 타고 가야 할지 고민되시나요? 대한항공을 타야 할까 아시아나 항공을 타야 할까~우리나라 항공사를 생각하면 가장 먼저 떠오르는 항공사가 대한항공, 아시아나 항공이잖아요! 하지만..."
155,"항공사별로 서비스를 제공하는 구간에 한하여 유아용기내식을 신청할 수도 있고 신청을 하지 못하는 국내항공사가 있습니다. 그러면 지금부터 국내항공사 별로 유아용기내식 신청이 가능한지 알아볼까요? 대한항공 대한항공의 경우에는 12개월 미만의 아기에게는 액상 분유, 아기용주스 12개월..."
156,"제목이 제 블로그 포스팅과 영~ 무관할 듯한데요, 지우 맘이 오클랜드에서 항공권 판매도 같이 하거든요,,, 우하하 타 항공사 여행 시 대한항공 마일리지 적립에 관한 질문을 너무나도 많이 받는 지우 맘이 정리를 좀 해보려 합니다. 요즘 중국인이 너무 많이 들어오고 있어서, 중국 항공사들..."
157,"지난주에 #저비용항공사 3개가 더 늘어나는것으로 확정이 되었다지요 신규 한공사로는 플라이강원과 에어로케이항공, 에어프레미아 세 곳이라 합니다 기존 우리나라를 대표하는 대한항공과 아시아나항공, 그리고 저비용항공사 제주항공 진에어 에어부산 에어서울 티웨이항공 이스타항공 등..."
158,해외 여행을 준비하면 비행기를 제일 먼저 신경쓰게 되는데요 항공사마일리지를 제대로 관리 해 두면 나중에 가까운 나라를 공짜로 갈 수 도 있고... 저가항공도 역시 마일리지제도가 있으니 놓치지말고 꼼꼼히 챙겨서 더 즐겁고 알뜰한 여행을 해 보아요~~ 대한항공이지만 제휴 항공사에 따라...
159,"[항공마일리지 적립방법] 스타얼라이언스 항공사(아시아나) & 스카이팀 항공사(대한항공) 정리 저가 항공사가 대세인 요즘, 무조건 최저가 티켓만 고집하고 계신가요? 잘 이용만 한다면 저렴한 항공권 예매와 동시에 마일리지까지 적립할 수 있다는 사실! 여기서, 항공사마일리지..."
160,서쪽 아시아나비지니스 라운지는 내년 상반기에 오픈한다고하니 당분간 제휴항공사 비지니스고객들은 동편 아시아나라운지를이용해야 할... 인천공항 제1터미널 시설 이전 그리고 현재 인천공항 제 1터미널 카운터를 이용하던 대한항공스카이팀소속항공사들도 10월28일부터...
161,결항 항공사 전화번호입니다 대한항공 kr.koreanair.com 아시아나 www.flyasiana.com 제주항공 www.jejuair.net 에어부산 www.airbusan.com 진에어 www.... 비행기 항공사에 전화를 하셔서 내 비행기 잘 가는지 확인이 필요합니다~ 제주도 태풍시 비행기 결항 항공사 전화번호입니다...
162,"   캐나다에 직항으로 가는 경우는 두 가지 항공사를 이용하실 수 있답니다. 바로 Air Canada(에어 캐나다)와 대한항공이죠. 대한항공은 에어... 주로 이용하시는 두 가지 항공사에 대해 알아볼까요? 1. 대한항공 KE 우리나라의 대표 항공사이며, 많은 도시로 출국 가능하십니다. 현재는 밴쿠버..."
163,항공사의 마케팅을 살펴보기 위해서는 먼저 항공 시장에 대해 알아봐야된다 2018년 3월 기준 대한민국에서는 취항하는 국내 항공사는 총 8개로 대형 항공사 2개 저가 항공사 6개가있습니다 먼저 대형 항공사로는 대한민국의 대표 항공사인 대한항공 아시아나 항공이있꼬 저가 항공사는 제주항공...
164,"#국토교통부 는 지난 4.12일 #대한항공  #아시아나항공 경영진을 초치하여 개최한 긴급 항공안전점검회의에 이어 오늘부터 #항공사 의 정비, 운항, 인력, 제도 등 안전전반에 대한 취약요인을 개선하고, 사고예방을 위해 마련한  항공안전강화방안 을 시행합니다.

http://www.molit.go.kr/USR/NEWS/m_71/dtl.jsp?lcmspage=1&id=95082174  "
165,[EVENT] 엘포인트로 항공사 마일리지 전환하는 방법! (대한항공/아시아나  ) (출처 : 엘포인트 .. | https://blog.naver.com/lpoint_korea/221514302626   블로그) http://naver.me/5O47Oxsa 
166,"미국에서 유학중 아버지 조중훈 회장이 아들을 군에 보냈다 조중훈 회장은 월남에 까지 참전을 했고 외환위기때는 비행기를 팔아서 위를 넘긴 애국자다
대한항공은 빛더미 회사를 억지로 떠맞아 대한항공이란 이름으로 세계에 알렸다
이런분이 항공사를 빼았겼으니 얼마나 울화병이 났을까 pic.twitter.com/S7LrhN8zu6"
167,아시아나 적자 항공사로 문닫기 일보직전인 아시아나에게 힘을보태주고 은행에서 돌려막기 해주는지 수사해라 에먼 대한항공 대표만 죽음으로 몰고갔으니 존같은 정권일쎄
168,"우와 ... 이게 현실화가 되는구나   

참 모자란 사람이다...
가족 관리가 그 모양인데
...
되겠냐? 

이 참에 확실한 전문경영인 뽑아서 진정한 국적항공사로 만듭시다. 

조양호, 대한항공 경영권 박탈 반대 36%로 '연임안 부결'(종합) http://yna.kr/AKR20190327050251003?input=tw  "
169,국토부는 몽골과 항공회담을 통해 30여년만에 인천~울란바타르 제2항공사 운수권을 확보하고 항공교통심의위 심사를 통해 이를 공정하게 배분했습니다. 기존 대한항공 좌석수는 계속 보장되므로 '대한항공 좌석일부 부당하게 회수했다'는 보도 (26일 한경)는 사실과 다릅니다. http://www.korea.kr/news/actuallyView.do?newsId=148858764  
170,"라트비아로 비행 스케쥴을 찾고 계신가요? 저희가 찾아드립니다!
2019년 5월 대한항공의 첫 전세기(차터)가 리가국제공항에 도착하는 순간, 역사상 처음으로 라트비아에 직항을 시작하는 한국의 첫 항공사가 될 것입니다! pic.twitter.com/ZducqcVcIw"
171,"대한항공, 기내 지도서 동해를  일본해 로 표기 https://news.v.daum.net/v/20181230131201954   '태극 마크' 단 국적 항공사, 책임 의식 부족 비판"
172,"#대한항공 은 12월 12일, 중국 시사일간지 #환츄스바오 (    ) 선정  중국인에게 사랑받는 최고의 외국 항공사  1위에 선정되었습니다. #신규노선취항, 쿠부치(   ) 사막 #대한항공_녹색_생태공원 조성, #꿈의도서실 기증 등의 노력이 높게 평가되었습니다.
 자세히: http://bit.ly/2UGJ4Am "
173,"미국의 항공사인 젯블루도 실리콘밸리에 벤처캐피탈회사를 만들고 여행관련 스타트업에 투자 https://www.jetblueventures.com/  대한항공이나 아시아나도 이렇게 해야 하는 것 아닌가. 여행, 항공업계만큼 기술발전에 큰 영향을 받는 업종이 있을까. 관련 스타트업에 관심을 기울여야."
174,"[필수여행팁] 오는 10월 28일(일)부터 #스카이팀 7개 항공사가 #대한항공 이 있는 #인천공항 #제2여객터미널(T2)로 이사온대요~ 공항 이용 시 꼭 참고하세요 
추가 이전 항공사: #아에로멕시코 #알리딸리아 #중화항공 #가루다항공 #샤먼항공 #체코항공 #아에로플로트 
 출처: 인천국제공항"
175,"항공기종에 따른 공간, 좌석 차이를 잘 분석한 글. 저도 기재를 보고 이왕이면 골라 타려는 편인데요, 8시간 넘는 비행에서는 충분한 이유가 됩니다. 경험상 747-8i가 항공사 관계없이 시설과 성능으론 최고 수준이라 생각.

비즈니스석하면 역시 대한항공? or아시아나항공? https://brunch.co.kr/@prestigegorilla/115  "
176,"#대한항공 은 최근 글로벌 항공동맹체 #스카이팀(SkyTeam) 회원 항공사 러시아 #아에로플로트 와 공동운항 노선을 확대하기로 했습니다 #블라디보스토크 #하바롭스크 #유즈노사할린스크 #러시아극동지역 #편리한스케줄 #여행객편의향상
 자세히: http://bit.ly/2NsfkCR  pic.twitter.com/FbRLbJTDZl"
177,"항공사 '갑질' 이번에는 아시아나...""속옷에 기수 새겨 선물""

회장 구속영장까지 청구된 대한항공 전철 밟을 수도

https://goo.gl/atQ2MS "
178,"[올인코리아] 아시아나항공사의 황당한 기내식 대란 http://m.allinkorea.net/38162 
네티즌 ""이사태가 대한항공었다면 즉사했을것..."""
179,"호남 기반 항공사 '에어필립' 50인승 소형항공기  광주~김포  하늘길 넓힌다 --대한항공, 진에어 못 죽여 난리더니 이거냐? http://news.chosun.com/tw/?id=2018062200133  "
180,"대한항공이 전세계 우수 항공사 평가에서 최하위권을 차지했다.

경영진이 그 모양인데 좋은 평가가 나올 수 없을 것. 혹시 밀수 순위라면 모를까. 

https://www.huffingtonpost.kr/entry/story_kr_5b18f107e4b0599bc6e08234  "
181,"대한항공이 전세계 우수 항공사 평가에서 최하위권을 차지했다
http://huffp.st/owhC7xW "
182,"항공업계의 UN, IATA 연차총회가 내년 6월 대한민국 서울에서 열립니다. 대한항공은 내년도 연차총회의 주관항공사로 선정되었습니다. 
#국제항공운송협회 #IATA #대한항공 
 자세히: http://blog.koreanair.com/1601  pic.twitter.com/w7t8zvYMG1"
183,"일부 병신들이 자랑스런 국적기 대한항공 죽인다는 이유로 발광을한다.

단순병 병신들아, 가족 갑질말고도 핵심은

항공사가 항공법 위반
항공사가 통관법 위반
항공사 관세사 연합 통관법 위반 
항공사가 불법 밀반입 주도
항공사가 불법 밀반입 독려
항공사 임원 술쳐먹고 기내난동 "
184,"""태극마크 달고 비행하는 모습이 모두에게 자랑스러운 항공사가 되기를""

조씨일가 갑질논란, 대한항공 직원들의 첫 촛불집회
https://youtu.be/h_xhap4HHyI 

#조씨일가OUT #대한항공의_주인은_직원"
185,"대한항공 현직 정비사 증언,

 조 회장 일가의 비행을 위해 다른 비행기에 있던 새 부품을 가져다 쓴 일도 있다. 

항공사 최후의 보루는  승객의 안전 이다. 사실이라면 법적 도덕적 책임을 따질 일이 아니다. 이들이 더이상 대한항공을 경영해서는 안될 것. 

https://m.huffingtonpost.kr/entry/korean-air_kr_5add388ce4b009869bfa9f48#cb  "
186,"조현민, 경영권 승계에 참여할 수 없다. 미국 국적의 조현민은 그룹 지주사인 한진칼 지분을 통해 대한항공, 진에어 등의 경영에 막강한 영향력을 행사했다. 국내법은 외국인이 항공사 경영에 주도적으로 참여할 수 없도록 이사회 자격을 불허하고 있기 때문. 

http://v.media.daum.net/v/20180419110316083  "
187,"검색해보니 대한항공 임산부 서비스는 2018년 1월 1일자로 중지되었고, 아시아나는 프리맘 서비스라는 이름으로 계속 운영중. 다른 항공사는 안 찾아봐서 모르겠다. 그런데 진짜 왜 없앤거...??? 그리고 없앴으면 안내라도 잘 해주든가... '도움이 필요한 승객'으로서 우선 탑승은 아직 가능한 듯."
188,"대한항공 조양호 집안은 마누라부터 자식 모두 양아치들이다. 마누라 이명희 수행기사는 하루를 쌍욕으로 시작해 씽욕으로 끝나는 지옥같은 직장을 석달만에 그만두었다. 쌍스런 집안이 태극마크 항공사를 운영하는 것은 대한민국 국격문제다. 즉각 중단시켜야 한다.
http://v.media.daum.net/v/20180417154840904  "
189,박창진이 항공사 재벌들의 '갑질' 처벌을 촉구했다 : 대한항공과 아시아나를 모두 언급했다 http://huffp.st/xKCYADy 
190,"#인천공항 #제2여객터미널
1월 18일 개장

인천공항 제2여객터미널은
4개의 항공사만 취항하니
착오 없이 이용해주세요!

대한항공, 델타항공, 에어프랑스, KLM항공
항공편 검색을 통해 터미널 확인 필수!

#더_넓고_더_높고_조금_더_빠르게
#많은_관심_부탁드립니다 pic.twitter.com/MLnMtTgeS7"
191,'인천공항 제2터미널' 시대 열렸다 오늘(18일) 정식 개장. http://bit.ly/2mHXdNs  대한항공 델타 에어프랑스 네덜란드 항공 등 4개 항공사 이용. 공항측은 제2터미널 개장으로 제1터미널과 합쳐 연간 이용객이 7200만 명으로 크게 늘어날 것으로 전망. pic.twitter.com/IWyaKCiu5J
192,"1월 18일, #인천국제공항 #제2여객터미널 개장#대한항공. #에어프랑스. #네덜란드항공(KLM). #델타항공. 이 4개 항공사의 여객기가 뜨고 내리게 되는데요. 그 외 이용객 편의를 위한 준비. 오늘, 현안조정회의에서 다뤄졌습니다. <내용 보기: http://fb.me/1rCEP4Ke7 > pic.twitter.com/TbMBzcmCnT"
193,"오는 18일 인천국제공항 제2터미널이 공식 개장함에 따라 인천공항에는 두 개의 관문이 생긴다. 제2터미널이 문을 열면 대한항공, 델타항공, 에어프랑스, KLM 4개 항공사는 제2터미널을 이용한다. 이들 항공사의 여객기를 타려면 제1터미널이 아닌 제2터미널로 가야 한다. "
194,"#대한항공 #Bombardier #CS300
대한항공이 아시아 항공사 중 최초로!
#봄바디어 차세대여객기를 도입합니다
하늘하늘 아름다운 CS300의 모습~ 
절대 놓치지 마세요!

#12월25일 #도착 #크리스마스선물
 자세히: http://bit.ly/2D9QNhl "
195,터미널을 잘못 찾아간 경우 셔틀버스 이동시간이 30분 이상 소요... '대한항공 공동운항편'을 이용하는 경우엔 두 항공사의 터미널 위치가 다르므로 더욱 유의할 필요가 있습니다.
196,"나리타 누른 인천공항 .. 미국 항공사 '일본 패싱'
중국 접근성 좋고 인프라 뛰어나
코드셰어 등 편의 제공도 장점
델타, 대한항공과 공동운항 확대
괌~나리타 등 직항노선 폐지도
 "
197,"2017년 3/4분기 항공사 영업이익
대한항공 4400억원
아시아나 1189억
제주항공 404억
 "
198,최근 해외항공사에서 일어난 고객응대문제가 남의나라 일인줄 알았는데 아니었군요. 대한항공이 이런일을 벌이시다니요. @KoreanAir
199,이정도면 대한항공은 그냥 shady한 깡패회사를 넘은 범죄집단으로 충분히 보여진다. 그러니 박창진 사무장이 저렇게 계속 남아서 고생을 혼자 한다고 하니 그냥 시간낭비로 밖에 생각이 안된다. 타항공사에서 다시 시작하는 게 나을지도...
200,세계 항공업계를 선도하는 글로벌 항공사 대한항공이 전세계 최고의 뮤직 페스티벌 #UltraKorea2017 화려한 무대에 오피셜 파트너로 함께합니다. pic.twitter.com/GX6ppzgwq8
201,"인천공항 제2터미널, 30분이면 출국수속 끝 http://news.chosun.com/site/data/html_dir/2017/02/27/2017022700126.html   대한항공과 델타항공 에어프랑스 KLM항공 등 4개 항공사가 2터미널로 이동 예정. 10월개장 예정. 기대중."
202,대한항공 정도 되는 항공사에서 기내 난동에 대비한 매뉴얼이 없을 리가 없다고 생각해요. 테이저건이든 스턴건이든 사용 훈련도 할거고. 하지만 실제로는 매뉴얼대로 못 할거에요. 왜냐하면 그랬다가는 어떤 이유를 대서든 자를테니까요.
203,"Korean Air - the airline of a new generation / 대한항공 - 새로운 시대를 여는 항공사  
https://commons.wikimedia.org/wiki/File:KAL_A380_HL7627_26jun14_LFBO.jpg  
@Gyrostat (Wikimedia) CC-BY-SA
#avgeek"
204,"내일 오전 후쿠오카발 인천행 대한항공도 결항떴네요
지금 후쿠오카에 계신 분들 항공사 홈페이지에서 꼭 확인하세요   pic.twitter.com/oo4xdSdvj6"
205,"#대한항공 은 지난 9월 29일 모스크바 프레지던트 호텔서 열린  2016 러시아 비즈니스 관광 & 마이스 어워드  시상식에서  비즈니스 여행객 최고 항공사  부문 1위를 차지하였습니다.
 기사보기: http://goo.gl/lvJv3Z "
206,"#대한항공 이 글로벌 항공동맹체 스카이팀(SkyTeam) 항공사인 #델타항공 과 오는 11월 2일부터 #공동운항 #코드쉐어 노선을 대폭 확대합니다.
 기사보기: http://goo.gl/kC0dDq "
207,"#대한항공 이 미주 노선을 운영하는 아시아 항공사 중 #항공보안 이 가장 우수한 항공사 중 하나라는 결과가 나왔습니다.
 기사: http://goo.gl/TdzMff  pic.twitter.com/J6ZqzGC75H"
208,#유럽_왕복 55만원? 중동 항공사들의 저가공세가 가능한 까닭은 : 대한항공 아시아나의 3분의 1 가격 http://chosun.com/tw/?id=2016062100483  
209,"[사회]대한항공 하네다 사고의 재구성 http://ddanzi.com/103072569  
하네다에서 승객 잘 대피시킨 대한항공, 안전한 항공사를 만들기 위해 권위주의와 싸운 결과였다. 근데 요즘은... #딴지"
210,"우리나라가 중국보다 앞섰던 적은 근 몇십년 정도뿐이다. 라는 말이 다시금 생각나는 기사. ""대한항공 김기장이 중국항공사로 떠난 후 남긴 말"" http://huff.to/1q72pKB  pic.twitter.com/mm6M9XtXTA"
211,대한항공 김기장이 중국항공사로 떠난 후 남긴 말 http://huff.to/1q72pKB 
212,"대한항공 중국항공사 이직, 김모 기장이 털어놓은 말입니다. http://www.wikitree.co.kr/main/news_view.php?id=254337    #대한항공"
213,대한항공이 아시아나항공을 제치고 이란으로 단독 직항편을 띄울 수 있게 됐습니다. 지금까지 국적 항공사가 이란에 여객기를 띄운 적은 한 번도 없습니다. http://bit.ly/1LWbqzZ  pic.twitter.com/SqTLc3HoZ7
214,항공업계의 맞수 대한항공과 아시아나 항공. 수천억 원 벌고도 울상인 항공사! 왜일까요? 당기순이익을 적자로 기록한 것은 바로 환차손 때문이라고 합니다. 그 이유는   http://bit.ly/1Hf7Gre 
215,"기내용 담요 항공사 쇼핑몰에서 팝니다. 은근 요긴하고 좋음. 근데 다들 비행기에서 몰래 들고 나온 건 줄 아는 단점이 있음.   

아시아나 : http://www.asianashop.com/shopping/shop/saleshop_detail.asp?item_code=11009300029&salebcode=28&salemcode=10&salescode=100&item_div=1  

대한항공 : https://www.e-skyshop.com:444/eskyshop/prod/prod_detail.aspx?Cate_Idx=0100000&prod_idx=5&oper_idx=5&M=Y  "
216,중국 국적 항공사들이 파격적인 조건으로 한국인 조종사들을 '블랙홀'처럼 빨아들이고 있습니다. #흔들리는_대한항공 아시아나 http://news.sbs.co.kr/news/endPage.do?news_id=N1003110765   pic.twitter.com/NX9rrFQLnj
217,대한항공의 '대한민국 100대 브랜드' 가치가 급락하면서 지난해 종합 6위에서 올해 45위로 떨어졌습니다. 항공사 1위 브랜드도 아시아나 항공에 내줬네요. http://goo.gl/VStI71  pic.twitter.com/RWxBH3pRli
218,"대한항공이 세계적인 인터넷신문 허핑턴포스트에서 베스트 이코노미석을 탑재한 10개의 항공사중 2위로 소개되었어요~대한항공으로 편안한 여행하세요^ ^
 기사바로보기(영문): http://goo.gl/bL3VdO "
219,"대한항공이 속한 스카이팀은 20개각 국의 항공사가 모인 최고의 항공 동맹체로, 전 세계 1052여개의 목적지로 매일매일 운항합니다.  스카이팀 자세히알아보기: http://www.skyteam.com/ko/ "
220,[제주행 대한항공 아시아나 2만원대 티켓 나와] 이들 사이트에 저가 항공사와 같은 파격 특가에 나온 것은 3월 제주도 여행이 비수기인데다 유류할증료는 작년동기 대비 83% 하락한 2천200원에 불과해  
221,"대한항공 발권실수, 불친절, 무성의 기타 등등 다 합쳐도 기내 난동은 안되는 거잖아...기내 난동은 뱅기 테러 취급 받는데....항공사가 조옷 같으면 기내 난동 이해된다는 식으로 좀 몰아 가지마."
222,대한항공 국제선 여객기내에서 50대 여성이 3시간 동안 남편을 상대로 고성을 지르고 접시를 던지는 등 난동을 부렸지만 항공사 대응은 소극적이었습니다. http://bit.ly/1CNh0hN 
223,"[대한항공 지난달 국제선 여객 1.2%감소] 국적 항공사 7곳 중 유일하게 감소해 아시아나항공은 국제선 여객이 8.8%증가했고, 저비용항공사들은 두자릿수 증가율을 기록. http://twr.kr/juu2 "
224,"정규재 선생의 대한항공 비판, 정확합니다. 조현아 하나의문제가 아니라 대한항공 오너와 직원 전체가 난장판, 즉 대한항공은 절대 이용할 수 없는 위험한 항공사란 시각입니다 http://sookut.com/880118893441 "
225,"체코항공이 체코의 국적 항공사이기는 하지만, 최대주주는 대한항공이죠. 대한항공 (44%), 트래블서비스 (34%), 체코아에로홀딩스 (19.74%) 순이죠. 이번에 경악한 체코 친구들이 많았던 이유죠. 아는 사람들은 다 아는 이야기죠."
226,"대한항공은 자신들이 항공기 안전을 별로 심각하게 생각하지 않는 항공사라는 이미지가 고착되는 걸 별로 두려워하지 않는 건가. 도대체 무슨 배짱이지.

후진 거리가 ""10미터도 안 됐다""라. 그게 안전불감증이야. 규정 없인 5cm도 이동하면 안 된다고."
227,"[항공기 결함 3년간 140여 건 대한항공이 최다] 지난 3년간 국내 항공사 비행기에 140여 건의 결함이 발생. 대한항공 64건, 아시아나 41건, 제주항공 14건 순.http://twr.kr/KQd2 "
228,델타항공강추.한국출발이면 한국말로 서비스 해주는게 당연하다 생각했고 한국산 물품을 썼으며 음식도 매번 한식이 포함됐었고 모니터도 아주 다양했고 한국항공사들 젊고 이쁜 아가씨들 보기 안쓰러운데 델타는 노련하고 젊잖았다.또 마일리지가 대한항공으로 연계된다
229,아시아나 대한항공 등 7개 항공사는 세월호참사에 따른 불안으로 학생단체항공권을 취소할 경우 이달말까지 국내 전 노선에 걸쳐 수수료를 받지 않습니다. 이스타항공도 학생 단체예약 취소수수료를 면제해주기로 했습니다. 
230,"비행기 타는 동안 어쩔 수 없이 꺼둬야 했던 휴대용 전자기기, 이제 대한항공, 아시아나항공, 진에어 3개 항공사를 이용할 때는 휴대용 전자기기 사용이 가능합니다. http://korealand.tistory.com/2999 "
231,"모레부터 비행기 이착륙 때도 전자기기 사용 다음달 1일부터 대한항공, 아시아나항공, 진에어 등 3개 항공사 비행기를 타면 이착륙 때도 휴대용 전자기기를 사용할 수 있어 음성통화나 문자메시지 데이터 송수신은 여전히 금지돼"
232,"대한항공 등 국내 대형 항공사에 대해 소비자가 불만족하는 점은 항공료인것으로 나타났습니다. 시장조사전문기관 조사 결과, 대형 항공사에 대한 불만족 요인으로 61.7%가 항공요금이 저렴하지않다는 점을 꼽았습니다. http://bit.ly/1cm5OaY "
233,## 항공사 측은 '원하는 승객한테 밤 8시대 대한항공 또는 아시아나 편을 타게끔 해주고 20만 원 씩 보상한다는 입장을 밝혔다'는 내용입니다.
234,"스위스, 대한항공 등 11개 항공사에 128억여원 벌금 : 지난 2000~2005년 일부 항공사들이 미국으로 가는 항공화물의 요금, 연료 할증비, 전쟁위험 부담금, 세관 통과비용, 커미션 등 담합 행위 적발 http://app.yonhapnews.co.kr/Yna/Basic/SNS/r.aspx?c=AKR20140110185700088&source=http://www.twitter.com  "
235,"대한항공이 선보이는 세계 최고급 샴페인, 페리에-주에가 일등석 및 프레스티지석에서 제공됩니다^^ 명품 항공사로 거듭나기 위한 최고급 서비스, 기대해주세요 기사 보기 >> http://me2.do/G4B88wKK "
236,"북극항로를 이용해 미주 노선을 운항하는 항공사들이 승객들이 노출되는 우주방사선량을 공개키로 했습니다. 대한항공은 지난달부터 홈페이지에 방사선량을 공개하고 있고, 아시아나도 18일부터 공개할 예정입니다.  http://goo.gl/zgo7qi "
237,"일본의 기내식 모음 사이트도 있어요. 이미지 퀄리티는 여기가 더 좋은 듯 해요. 일본어를 몰라도 옆의 항공사코드를 보고 확인할 수 있죠. 대한항공 KE, 아시아나 OZ http://www.kinaishoku.com/ "
238,"반나절 전에 스티브 바이가 대한항공이 기타를 부숴먹었다고 https://twitter.com/capcold/status/363036288330379264   페북에 올린 바 있었는데, 방금 https://twitter.com/NudeModel/status/363173131969511425   그게 다른 항공사였다는 보도가 등장."
239,"1983년 이후 집계한, 가장 위험한 항공사 탑10: http://finance.yahoo.com/news/worlds-10-most-dangerous-airlines-171840401.html   1위는 차이나 에어라인. 대한항공이 5위로 이름을 올렸습니다."
240,"대한항공에서 운영하는 진에어항공사 항공특가!http://goo.gl/gcuuq  7월6일부터 7월18일 제주여행 항공권 핫특가,2013여름 제주도,착한가격으로 떠나보세요~"
241,그 외 대한항공에서 볼만한 것으로는 뽀로로가 있습니다. 타 항공사에 비해 대한항공에서 유아동의 울음소리가 상대적으로 적은 것은 모두 닥치고 뽀로로느님에 경건하게 집중하고 있기 때문입니다.
242,"대한항공 기내서 20대 여성 승객 2번 성추행 ""항공사 일 커질까 쉬쉬""의혹 파문.   http://j.mp/165mG7C "
243,"매순간이 땜빵질 ""@du0280: 김병관이 KMDC 관련설을 숨기려 미얀마 출국기록을 '미상'으로 국회에 제출했다가 들통나자 대한항공이 '영세항공사'여서 자료제출이 미흡했다고 변명. http://j.mp/13dB64u  이젠 아이큐까지 의심됨~"""
244,"국제적으로 3개의 항공사 연합이 있습니다. 대한항공이 소속된 스카이팀, 아시아나가 소속된 스타얼라이언스, 그리고 원월드입니다. 세곳 모두 세계일주 할인항공티켓을 판매하는데, 스카이팀과 스타얼라이언스는 이동거리로 계산하며 원월드는 비행횟수로 계산합니다."
245,"국내선 6개 항공사(대한항공 아시아나항공 진에어 제주항공 이스타항공 티웨이항공)의 항공권을 실시간 조회 예약할 수 있는 원스톱 예약 시스템을 개발, 21일 오전 10시부터 서비스를 실시-> http://webtour.com "
246,"대한항공이 '녹색 생태공원' 조성, '꿈의 도서실 기증' 등 중국 내에서 펼쳐온 다양하고 지속적인 사회공헌 활동을 인정받아 중국 유력 일간지  베이징완바오(    )'선정  최우수 사회공헌 항공사'를 수상했습니다. http://bit.ly/VNsv34 "
247,"대한항공, ' 아시아 최고 항공사', ' 최고 광고캠페인 항공사' 등 4개 부문 수상 http://bit.ly/TQoh9R "
248,DB 프랑크푸르트공항역에서는 터미널 연결통로에 체크인 데스크도 있다. 루프트한자가 20개인 옆에 타국항공사 20개 정도를 한 창구에서 담당하는데 대한항공도 포함. 눈에 잘 안 띄어서 이용객 거의 없는 가운데 일찍 짐 보내버리고 앞자리 배정...
249,"공정위, ""대한항공 몽골 노선 독점 유지"" 공정거래위원회는 대한항공이 몽골의 항공사와 짜고 인천-울란바토르 직항노선의 독점적인 지위를 유지해 온 사실을 확인해 시정명령을 내렸다고 밝혔습니다. http://j.mp/LwiKx6 "
250,기내식 사진만 모아놓은 일본블로그. 물론 대한항공과 이시아나도 있음. 항공사명이 일본어이지만 항공사코드도 함께 있으니 해외여행갈때 조금 참고가 될지도. http://www.kinaishoku.com/ 
251,"작년 저가항공 '고공행진' 이용자 1000만명  http://bit.ly/zh2mUl   국내 저가 항공사들의 비수기 초특가 운임이 대한항공의 3분의 1 수준인 것으로 나타났다. 경쟁력을 바탕으로 지난해 저가항공 이용자가 1,000만명을 돌파했다."
252,월드 트래블 어워즈 2011 그랜드 파이널에서 대한항공이  세계 최고의 혁신 항공사(World's Most Innovative Airline)상'을 받았습니다! ^_^* http://twitpic.com/865rrx 
253,"소비자원 조사 결과 소비자만족도가 가장 높은 저가항공사는 '티웨이항공', 가장 낮은 항공사는 대한항공 계열사인 '진에어' http://bit.ly/xjF2ry "
254,"한국 항공수출 물량의 80% 이상은 전기전자제품(무역협회, MTI분류기준), 한국 항공사의 매출액 30%는 화물운송에서 나옴(대한항공 33%, 아시아나 27%). 결론적으로 IT의 턴어라운드를 놓쳤다면, 항공의 턴어라운드를 따라가는 건 어떨까. 생각중"
255,서울시(@seoulmania)와 뉴욕시(@nycgov) 간의 공동 마케팅 파트너십을 기념하여 협력항공사 대한항공이 합리적인 가격으로 서울과 뉴욕을 연결합니다~! :) 자세한 내용은: http://bit.ly/nfM6FW 
256,"현재 시각 새벽 1시, 팔라우에서 귀항하는 대한항공 비행기가 16시간 지연됐는데 합리적인 설명을 해줄 수 있는 책임자는 공항에 나와있지도 않고 고객센터에 연락하라고만 합니다. 앞으로는 항공사 선택에 더욱 신중을 기해야 할 듯 하네요."
257,"항공업계,  요금 더 받는  성수기 늘려 http://j.mp/lzafMu 올해 휴일과 휴일 사이의 평일인 샌드위치 데이가 늘어나면서 항공사들이 성수기 기간을 연장했습니다. 대한항공은 지난해보다 성수기 기간을 19일, 아시아나항공은 27일 늘렸습니다."
258,항공사들이 슬그머니 성수기를 늘려 사실상 요금 인상 효과를 유발하고 있습니다. 올해 대한항공과 아시아나항공의 성수기는 1년의 20%가 넘는 총 76일입니다. 5일 중 하루가 성수기인 셈. http://bit.ly/k3GGEA
259,대한항공은 기내면세점을 설치하는 최초의 항공사. 좌석 13개의 공간을 들어내고 설치. 면세품 구매력이 높은 한국인 승객 고려. 면세점 설치업체는 AIM. 5개 진열장으로 무게는 130kg. 총 64개 아이템 진열.
260,"대한항공과 아시아나가 일본-한국간 항공권 가격을 엄청나게 올렸다는 루머는 사실이 아니며, 공항에 가서 당일 티켓을 티케팅하는 가격과 몇달 전 예매 가격의 차이를 몰라서 발생한 해프닝이라고 합니다.물론,두 항공사가 한시적 할인을 하기를 바랍니다."
261,현재 대한항공의경우 출발가능한 상태이긴 하나 출발이 미정이라고 합니다. 다른항공사들도 상황이 비슷하다고 합니다 또한 나리타 공항 근처에 임시 대피소에 계신분도 있다고 합니다.
262,"미국 항공사를 민망하게 만드는 9개의 대단한 외국 항공사들이라는 기사. 6,7위에 대한항공,아시아나가 랭크. 변함없이 싱가폴 항공이 1위. 미국 비행기 타보시면,얼마나 멋진 서비스의 국내 항공사들인지 느끼실겁니다 http://read.bi/fI8Vu9"
263,"비행기 자주 타는 분들, 참고하시길! 항공사 마일리지 분석 #01 - 대한항공 마일리지 프로그램 ""스카이패스(Skypass)"" - 스카이팀 
http://bit.ly/dj3l8D"
264,"아시아 최대 저가 항공사인 '에어 아시아 엑스'가 11월부터 국내에 취항을 한다고 합니다. 인천-쿠알라룸푸르 편도 운임을 최저 6만원부터 최대 30만원대로 제시했다는데, 대한항공 동일 노선 운임보다 '절반 이하' 수준이라고 합니다."
265,"어제 제주공항 결항에 대해 대한항공 서비스 수준을 알수 있었다. 그들이 생각하기엔 economy 고객들은 덜 중요할 수는 있겠지만, 아시아나나 다른 저가 항공사들에 비해 그 어처구니 없는 태도는 다시는 대한항공을 이용하지 않겠다는 다짐을 만들었다."
266,저가항공 부도 이유에 또 다른 이유가 있음을 밝혀졌다. 바로 대형항공사의 불공정행위다. 대한항공과 아시아나항공이 저가항공사의 시장 진출을 의도적으로 저지 http://bit.ly/dcxuKJ
267,싱가폴 항공 좋음.  연착이 거의 없음. 케세이도 괘않앗음.  기종도 전반적으로 오래된 느낌 없음.  반면 대한항공 아시아나는 연착이 너무 자주 일어나고.  기종이 넘 오래됨.  우물안 개구리라고 우리나라국민들에게만 포커스를 두니 대충하는 모냥
268,대한항공
269,"아시아나는 요즘 고전하고 있는 양상임. LCC는 치고 들어오지 장거리에서는 대항항공과 경쟁에서 밀리지..
기체는 점점 노후화되고..퍼스트클래스도 거의 빼버리는 추세고. 정비에 대한 말도 나오고 있고..
저는 스카이패스, 친구는 아시아나 마일리지 모으는데 친구도 마일리지는 모으고 있지만 노선이 한정되서 장거리같으면
1년전부터 알아봐야한다고.. 
시중에서 신용카드로 마일리지 적립할 때 아시아나가 대한항공보다 조금 더 적립율 높게 주는 이유가 다 있다고 하네요.."
270,대한항공 없으니 충격적이네.
271,서비스 제외하고 나머지에선 그렇게 최고인지 모르겠는데요. 평의한듯요. 실제 랭킹도 중간정도... 오히려 사고가 많조. 안전부분이 좀... 미국에선 대한항공 탑승 안하는쪽으로 권고하는데요...
272,"서비스는 대한항공, 안전은 캐세이퍼시픽"
273,거의 다 타봤는데요. 비지니스빼고   . 대한항공이 최고.
274,대한항공은  국적기가 아닙니다.그냥 민항기입니다
275,"대한항공,아시아나가 top10에 올라서 자랑스럽다"
276,대한항공 NO1 .
277,"전 아시아나항공 A380 일등석으로 LA갔었는데
진짜 좋더라구요 대한항공 일등석도 좋았지만
배스트 일등석은 싱가포르항공 A380 일등석과
에티하드항공 일등석이 제일 좋았던거 같아요"
278,외국인 친구들이 한결같이 하는 말인데 대한항공 아시아나 모두 영어소통이 잘 안된다고 하더라고요. 제가 탔을때는 다들 안내방송도 매끄러워서 괜찮았는데 케바케인가봐요   
279,"대한항공이 최고던데. 대한민국 항공사 중.

아시아나는 노후기종 천국에, 무슨 복권 뽑 듯 기종 변동 심하고, 기종에 따른 시설 차이가 너무 극렬하게 나서 타기가 싫음.
대한항공은 기종간 시설 차이가 별로 없어서 어떤 기종이 걸려도 큰 문제는 없음.

=================
그리고  이거 순위는 영국 스카이트랙 을 바탕으로 하신 거 같은데 스카이트랙 순위 너무 믿지 마셔요. 그냥 재미로.
솔직히 실제 평가는 대한항공이 소비자 평가에서 탑 10위 안에 다 들어가게 나오는 곳도 많음. 그러나 아시아나는 언급 따위 없음"
280,항공기 연식은 아시아나나 대한항공이나 매이저로 이용하는 항공기들은 최신이나 최상급일텐데 최상의 서비스를 제공하지못해서그런거같네요
281,이와중에 대한항공은 없네 .
282,유니품 정도는 세계 항공사 순위 4위에 선정돠었다던 아랍의 에미레이트 항공을 이겨버리는 우리나라 대한항공
283,에티하드도 없고 특히 이상한게 왜 아시아나죠 대한항공도 아니고...
284,난대한항공이편한데
285,대한항공은 없네    
286,진짜 궁금해서 그러는건데 같은 거리를 가도 여기 나온 항공사보다 대한항공 아시아나가 대부분 항공권 더 비싸던데 왜그런거임?? 더 좋은 항공사가 더 비싸야 정상 아닌가??
287,국내선은 저가나 일반 항공사나 차이 없음. 오히려 아시아나나 대한항공이 더 쌀 때도 많음.
288,"어니 근데 오류가 좀 있네요 국내선은 저가항공이나 대형항공사나 다 영수증같이 생겼고,심지어 프레스티지석(대한항공 비즈니스)도 영수증처럼 나오지만,국제선은 모든항공사들이 다 티켓으로 나옵니다."
289,제주도 수학여행갈때 대한항공인가 아시아나던가 탄거같던대 영수증으로 주던댐
290,"저런이유들은 약간 방송용(?)아닌가...확실히 내가탔던 저가항공은 연착 전부됐음. 5분정도도 항상됌. 그리고 탑승게이트가 구석진곳에 있어서 한참을 가야지 나오고, 좌석도 확실히 좁고, 기내서비스음식이 생수밖에 없음. 그리고 공항들어가면 항공사별로 비행기표 발권하는 데스크?도 저가항공사들이 대한항공이나 아시아나보다 작음. 지금은 거의 대부분 국내항공사들은 자동발권기가 있지만 불과 3년전?까지만해도 자동발권은 아시아나나 대한항공밖에 안됬었고 최근에서야 저가항공도 자동발권이 가능해짐.. 3달전에 저가항공으로 제주도에서 김포공항오는데 연착되지 않고 정상시간에 출발했으면 공항버스막차 탈수있었는데 연착 1시간반되서 전철막차도 그 무거운 캐리어들고 전력질주해서 겨우탐...그 전철도 자동문에 뭐가꼈는지 다시열어줘서탔음    결국 집은 새벽2시반에 도착...연착안됐으면 공항버스내려서 맥주한잔하고 집들어가도 12시도 안됐을꺼임... 일단 저가항공은 무조건 연착임. 비행기 탑승을 정상적으로해도 비행기안에서 대기시간때문에 예상도착보다 늦게도착. 아무튼 그 일로 다시한번 저가항공이 왜 싼지 아주 확실히 체감           "
291,그래도 서비스는 대한항공/아시아나항공이 좋지 않나..
292,"기내 서비스나 그런거 까지는 그렇다 치더라도 대한항공/아시아나
자사 정비소 있어서 정비받을텐데 다른저가 항공사는 어떻게 수리를 받지.??
(에어부산-에어서울-진에어는 사실상 계열사니까 같이 사용하겠지만/티웨이.이스타.제주항공...은??)"
293,대한항공이 쓸대없는 서비스로 존나 비싼거임 그냥
294,갠적으론 대한항공이 이쁜거같음  
295,에어프랑스랑 대한항공 진짜 예뿌당
296,3~4살때 부터 대한항공을 겁나 타서 그런지 대한항공이 제일 익숙한 1인
297,나  썸네일보고 대한항공도 피해야되는 항공사인줄 알았음  
298,저 동방항공 타봤는데 자리는 그럭저럭 대한항공처럼 게임 이런건 없고 음식 중국음식 잘 안맞음
299,"대한항공과 아시아나 = 가격단합, 노후된 기체
조만간 큰 사고가 날듯"
300,저번에 푸둥공항에서 대한항공탈때 바로옆에 고려항공 이였는뎅
301,"대한항공 갑질 장난아닌데 왜 안넣는거지?
바비킴도 그정돈데"
302,항공사 몇군데 이용해 봤지만 대한항공 최고임
303,마친 대한항공인듯 낚네
304,난 지금까지 아시아나 대한항공만.타고있다능
305,"타이항공
안셋항공(망했음)
콴타스
캐세이
대한항공 (제일 좋았음)
아시아나
싱가포르 항공
브뤼셀 항공
KLM
델타항공
케냐항공
말레이지아 항공
동방항공
에어 인디아

에어 유로파 (최악이였음)
아메리칸 항공 (기체가 노후되서 ;;;;;)
스파이스 젯 (설국열차 였음)
티웨이
이스타
제주항공
세부 퍼시픽
스쿠트 항공
에어 아시아
타이거 에어
젯스타

내가 타본 항공임"
306,0위 대한항공
307,"대한항공 2016년최악의 항공사 탑10에 뽑혔는데(지연,취소등)
안전도는 항상 중하위권.."
308,"그래도 3항공사중 제일 현실적으로 접근한건 에어로케이라는 생각이 들네요. 청주공항은 티웨이나 제주항공이 초반에 들어감으로써  수요가 입증되는 시장이라는건 증명을 해줬고, 더군다나 어디서든 취향을 해도 수요가 확보되는 노선들(나리타, 나고야,타이페이) 등을 근 시일내에 취향을 계획중에 있어서 제일 기대가 되는 항공사이기도 합니다. 그러나 플라이강원이나 에어프리미아는 걱정이 많이 됩니다. 항공시장자체가 매몰미용이 큰 업계이기에 답이 초반 몇년간은 적자 운항을 할수밖엔 없는데, 장거리를 많이 돌리는 회사일수록 이러한 적자가 심해지죠. 에어프리미아 자체가 버진아틀란틱과 유사한 모델을 생각하고 있다는 생각이 듭니다만, 결국 버진이 그 빡세다고 유명한 대서양 횡단 노선에서 버틸수 있었던 이유도 JV때문이였는데, 과연 혼자서 에어프리미아가 이걸 버틸수 있을지 의문입니다. 더군다나 캐나다의 준저가항공사인 웨스트젯도 2020년 상반기 목표로 YVR-PEK 취향을 계획중에 있는데, PEK을 시작으로 TYO 그리고 인천까지 취향을 계획함에 있어서 가격적 메리트만 존재할뿐, 그외는 메리트가 전혀 없어보입니다, 최소한 하이티어분들이나 출장객들에겐 말이죠. 이미 태평양 노선 시장은 성숙기에 들어서가고 있는 마당이고,  흔히 말하는 FSC들도 JV를 맺고서 시장점유울을 확보해가고 있는 상황인데( NH-UA 2011, KE-DL 2018) 그 틈을 뚫고 지나갈수 있을지 의문입니다. 인지도가 높은것도 아니고, 본인들만의 아이덴테디가 존재하는것도 아니고, 그리고 가장 큰 문제인 인지도 올리겠다고 마케팅에만 돈을 쓰고 안전에 투자를 줄일수 있다는 점이 가장 걱정이 됩니다. 그리고 플라이강원은 아무리 생각해봐도 강원도에 입김이 많이 작용된듯 보입니다만, 국내선 루트인 광주는 수요가 존재할거라고 봅니. 육상교통도 불편한편임과 동시에 환승이라는 문제가 남아있죠. 문제는  울산과 김포노선입니다. 김포노선은 티웨이가 포켓몬고때 잠깐 취향을 했음에도 불구하고 몇달만에 철수 했다는점, 대한항공 자회사였던 진에어조차 GG치고 나갔다는건 수요가 순익분기점을 넘기지 못할정도로 안좋다는 대변하는 이야기겠죠. 또한 양양공항 가보신분들은 아시겠지만, 양양공항 가기가 드럽게 불편합니다. 기본적인 교통 인프라 조차 만들어 놓지 않고운영하겠다는건 그냥 모든 문제가 발생해도 강원도가 책임지는게 아닌 플라이강원 책임으로 돌리겠다는 이야기 밖엔 안듭니다.  그래서 에어로케이는 기대를 해봐도 되겠지만 에어프리미아 그리고 플라이강원은 기대가 안됩니다. 소비자들은 가격이나 서비스만 부분만 보고, 일부 전문가 코스프레하는 블로거들과 카폐러들 때문에 말이죠.애초부터 한국엔 저처럼 그뒤에있는 전략을 보거나, 항덕이라는건 마이너한 분야에 속하니까요."
309,청주공항 대한항공있는데 무슨 노선이 직행이 아니라 김해 랑 제주찍고 나리타 가는 항로내요 비용도 1.5배 더비싸고요 내년에 짜야겠내요
310,"이렇게 국외로 취향 하는 저가 항공이 늘어난다면 앞으로 대한항공과 아시아나 항공 회사 운영이 어려워져 중국 머니로 운영될 가능성이 높아 보인다. 그런 상황으로 변해갈까?
아니면 나름의 해결 방안을 추진하고 있을까?"
311,"아시아나 대한항공 다른 항공사 대부분 이용해봤지만, 에미레이트가 제일 만족스럽고 제일 좋았네요   "
312,최소한 대한항공 아시아나 모시고 하자 ~
313,요즘 저가항공도 많이생겨서 흔한직업이 됐음... 심지어 대한항공애들은 lcc애들 하고 비교하면 자존심 상해하더라
314,그럼 아시아나 대한항공 타세요 고갱님^^* 왜 여기와서 지랄이세요^^**~~
315,대한항공 최공
316,넌 돈없어서 저가항공탓자나 어서 대한항공어쩌고라고말해
317,내가 만약에 바퀴벌레 소동 선베고 막말 할 수 있었으면 그럼 그쪽도 돈 못버니까 아시아나 대한항공 못 타고 이 비행기 타시는거네요? 라고 얘기하고싶다  
318,   설문조사   대한항공 vs 아시아나항공 어디를 선호하나요?  난 아시아나항공
319,지도 그거밖에 안되니깐 대한항공 아시아나 항공 못 타고 있지   
320,그러니까 니가 그 아시아나 대한항공 말고 이 항공사에 있는거야 대충 이런식으로 말한손님한테 진짜 옆에 있었으면  역 질문으로  어머 그렇게 따지면 아저씨는 왜 이 항공사 타고 계시는거죠?  라고 말해주고싶다 진짜 나이 거꾸로 쳐먹고 뭐하는짓..;
321,"대한항공 , 아시아나 1등석보다 더 넓고 호화스러워 보이네요.왜 한국항공사들은 1등석을 저 수준으로 못 만들었을까?"
322,아 이거 꼭 타보고 싶은데 대한항공 마일리지만 디립따 모아놨네요...   꼭 내년엔 타볼거에요   
323,전 케세이 퍼시픽 일등석 타보고 싶어요.루프트한자 일등석 아시아나항공이나 대한항공 일등석
324,대한항공 퍼스트는 타봤는데..
325,혹시 대한항공 비지니스석을 프레스티지 스위트로 타보셨나요? 아시아나 스마티움은 좌우가 좁아보이네여?
326,"저도 올해 초에 특가로 프랑크푸르트 갔다왔는데 괜찮더라고요 장거리는 아시아나 보단 대한항공 비즈니스 스위트 747, 787기종이 더 좋더라고요"
327,   라니님의 선택은? 대한항공 vs 아시아나항공! 저는 아시아나항공  
328,어메니티는 대한항공 다비보다 조금 나은 거 같네요
329,"이게 600이나 하는군요. 저도 지난 겨울 마일리지 모은 것으로 둘이서 뉴욕 왕복을 다녀왔는데, 자그마치 천2백이나 하는 값이었네요. A380 기종은 2층을 타면 이코노미도 큰 불편은 없을 듯. 대한항공은 2층 전체를 비지니스로 만들어서 안되지만 아시아나는 가능."
330,대한항공 비즈니스 탔었는데 사육당하는거 인정 진짜      
331,대한항공 비지니스는 별로였음...차라리 말레이시아 비지니스가 더편했다...
332,대한항공 B747-400 중 2대는 퇴역한 듯
333,대한항공은 물컵때매 떨어졌나보군
334,대한항공은 없음?
335,참고로 순위안에도 못들어가는 대한항공이 더 비싼건 무슨경우냐     
336,대한항공은....?
337,하 싱가폴갈때 대한항공탓는데 ...
338,대한항공은 어디?
339,대한항공은요?
340,대한항공은 없네
341,대한항공은 없노....
342,"가루다가 10위에 오른건 진짜 서비스 때문이겠죠??? 안전도는 위험합니다.가루다 뿐만 아니라 몇년 전까지만 해도 인도네시아 항공사들 EU-ban 리스트에 올라서 유럽노선 취항을 못했던적 있습니다.스카이 트랙스 딱히 요새 공신력이 떨어져요.. 대한항공이 아직도 4성급인거 보면,,아시아나 서비스 축소때문에 순위가 많이 내려갔어요 2011년만해도 1위 였는데.."
343,근데 여기저기 다니다보면 저가항공타놓고 대한항공급 서비스원하는 아줌마아저씨들 의외로 자주보임;;; 항공사직원들도 극한직업이긴 할듯;;
344,"썸넬에 진에어랑 대한항공 같은회사입니다^^ 대한항공에서 진에어 만든거죵^^
제가2017 12월23일에 진에어 타고 코타키나발루가는데 그날안개가 심해서 5시간 연착됬다죠. 옆에 이스타는 다음날 출발하고 제가탄 진에어는 대응을 빨리해서 5시간밖에 연착 됬었어용"
345,썸내일:진에어도 대한항공소속인디??
346,"저는 거의 대한항공이나 아시아나를 이용하는데, 일본이나 2시간 내외 가까운 거리는 저가항공사를 이용하는 것도 나쁘지 않은 것 같아요. 3시간 이상은 대형항공사를 이용하는 것을 추천"
347,진에어가 대한항공의 저가 항공 인걸로 알고 있는데
348,진에어도 대한항공 꺼 아니냐
349,호주 여행가면서 처음으로 대한항공 타고 갔는데 비행기에서 밥도 먹어보고 새로운 경험에 재미있었음
350,대한항공만 타본 1인.....
351,"저비용항공사중에서는 진에어가 늘 조금씩 비싼경우가 많습니다. 다만 진에어는 수하물을 기본적으로 제공하고 비상구좌석이나 기타 넓은 좌석을 무료로 제공합니다. 오후5시 20분에 전구간 체크인시작되어 오전출발 비행편은 체크인 전쟁통이지만 오후 비행기는 어느때나 체크인이 가능하다는게 장점이죠.
티웨이. 이스타항공. 감귤항공의 경우에는 수하물값이 포함되지않은 항공권이있을 수있습니다. 또한 좋은 좌석은 추가요금을 내야하며 체크인은 출발3시간전에 오픈하기때문에 대기줄 경쟁이 있습니다.

모든 저가항공의 좌석은 사실상 좁습니다. 다만 대한항공의 경우 보앙737-900은 저가항공 수준으로 자리가 좁지만 나머지 기종의 좌석은 널널합니다.

좌석의 간격도 중요하지만 FSC와 LCC의 비교점은 AVOD서비스 유무에도 있습니다. 대한항공이나 아시아나항공에도 AVOD가없는 기종이있지만 대부분은 존재하고 엔터테인먼트 요소가 존재합니다. 기내식도 별도로 제공되는데 저가항공사는 일부항공사에서는 종이박스 도시락을 제공합니다. 또한 담요나 배게 그리고 승객이 요청하면 귀마개와 안대도 가져다줍니다.

저가항공의 가장 큰문제는 B737과 A320위주로 운영되는게 문제입니다. 진에어는 772가 운영되고 한국취항노선이 저가항공은 에어아시아X가 a330으로 취항하는데 나머지항공사는 모두 협동체입니다. 일명 갖혀가서 감옥기라고 부릅니다. 3시간미만의 노선에는 문제가없지만 협동체로 5시간 30분노선을 커버치는 방콕. 코타키나발루와 같은 노선을 협동체로 운영한다는것자체가 가장 큰 저가항공의 문제라 생각됩니다."
352,"솔직히 진에어는 저가도 아님. 대한항공 홈피에서 항공기 예약했는데 공동운항으로 진에어 나왔는데 가격은 대한항공이랑 똑같음. 그렇다고 진에어에 대한항공과 같은 가격 내고  tv가 있다는것도 아니고, 기내식이 동일한것도 아니고 자석이넓다는것도 아님  
이번에 호주왔는데 대한항공홈피에서예약함
근데 진에어   솔직히 너무함.솔직히어떻게 7시간30분을 태우면서 대한항공과같은 가격으로 자리도 좁고, 기내식도 한번나오면서정말 맛없고, 심지어 담요도 15000원줘야하고,영화보려면 돈내야하고, 거기다가 더 어이없는건 쥬스를 돈주고 사먹으라함. 솔직히 대한항공 마일리지로 적립빼고는 너무함   대한항공과 진에어가 같은회사이긴하지만 공동운항 안하면 좋겠다. "
353,대한민국이니깐대한항공
354,진에어가 대한항공소속인가요?
355,별 비행기 다 타봤는데 진에어가 가장 좋았음 서비스도 대한항공이나 아시아나랑 별 차이도못느낌
356,"저희 가족들도 진에어 탔는데 좁고 불편해서 담부터 대한항공,아시아나항공 타고 갑니다"
357,"그런데 진에어는 대한항공 계열사아닌가요?
아님 말구요"
358,저가항공사가아닌 에어부산 아님 그리고 대형항공사가아니라 대한항공사 임
359,"작년 1월..삿포로 폭설로 치토세공항에서 부산에어 결항.. 결항순간 아예 예약이 자동없어짐..황당..진에어 제주항공 은 그래도 다음 편 알아주는데..부산에어는 아예취소..하루 노숙하고 70 만원에 겨우 대한항공 편도표 구해서 탈출..
저가항공 특히 부산에어 이용할때는 시간 돈 여유있게.."
360,사실 서비스나 이런걸 즐기고 갈라면 대한항공 또는 이시아나 항공이 났고 해외 갈때에는 대한항공의 저가를 타시려면 진에어고 아시아나의저가는 에어 서울 이라서 아마 서비스도 비슷할겁니다
361,대한항공 탔는데 두바이에서 경유하던데?
362,울아빠도 대한항공에서 퇴직할 날이 다되가시네
363,"제 친구 아빠가 대한항공,아시아나 조종사임   "
364,대한항공탈때
365,처음왔어요 대한항공이 최하위라는 말에 저야 말로 충격이네요 삼종 세트 놓고 갑니다 제 채널에도 세트 부탁합니다.
366,대한항공은 진짜 정신차려야됨
367,"대한항공 오너일가도 한몫했지만
불만처리가 저리낮아서야
직원들도 정신 차려라"
368,"대한항공
아시아나항공
티웨이
이스타
에어서울
에어부산
진에어
제주에어
에어인천
에어필립
유령항공사?"
369,나만 대한항공 좋아하나?
370,아시아나가 대한항공 서비스에 비빌려면 10년후에나 가능할듯....
371,응. 대한항공이 최고야
372,항공사는 대한항공 아닌가요?
373,여윽시 대한항공 고려항공 하늘과땅 차이네
374,"베이징공항에가면대한항공이랑고려항공을동시에볼수있어요
고려항공조종사생각:남조선의 대한항공은세계에서유명한항공인데 우리조선의고려항공은왜안보닙까"
375,영어로 하멱 제내도 korean air  아님 우리나라 대한항공도 korean air인데.....
376,"비행기 만든 회사도 같고 메뉴얼도 같고 조종사들도 서로 왔다갔다하면서 완전 뒤죽박죽이여서 다똑같음(저가항공 기장님들중 다수가 대한항공 아시아나 항공에서 오신분들,,,완전 뒤죽박죽). 저가여서 이렇다 저렇다하는건 아무것도 모르는 사람임."
377,혹시 아시아나나 대한항공은 수영을 꼭 할줄 알아야 하나요?
378,"안녕하세요!
1. 졸업예정자와 기졸업자 차이는 있을까요?
2. 아시아나항공이나 대한항공은 부산 베이스가 있나요 ?"
379,우리나라대한항공아시아나힝공이없다는것이이해가안가요
380,에어 싱기포르하고 대한항공이 없네.  엉터리.
381,"타본 국제선 항공사중 아시아나, 대한항공, 일본항공, 에어 카나다, 아메리카 항공, 멕시카나, 에어 멕시코, 땀, 따코,브라질, 란칠레, 에어 아르헨티나, 랍... 중에 개인적으로 친절성을 평가해보면    1위 아시아나, 2위 일본항공, 3위 대한항공   ...........  12위 아메리카 항공, 13위 에어 카나다... 인듯"
382,"난 대한항공 애용자인데, 순위에 대한항공 없어도 '없구나..'정도로만 끝냈는데 여기 댓글들에는 아시아나랑 대한항공 없다고 지랄발광하는 애들은 대체 뭐지? 우리나라건 무조건 있어야 하고 그게 당연하다는듯이 쳐씨부리네. 아니 있으면 좋고 없으면 마는거지 그게 뭐 국가위상에 문제가 되는것도 아니고 그냥 재미로 쳐봐라 생각없는 새끼들아 뭘 그렇게 화 낼 일이라고 열불내고 좆같은 지랄들이야"
383,한번 당해봐서 아는 꿀팁이네요.. 예전에 저도 집으로 배송시켜주더라고요. (모스크바공항에서 안보내줘서 나중에 대한항공에서 보내주더라고요)
384,"저도 대한항공타고 파리갈 때 누락된 짐 DHL통해서 숙소로 보내줬어요. 
당시 불편한 건 없었는데. 영수증 첨부는 몰랐네요!"
385,1월 한국들어올때 대한항공 들고타는가방도 재더라구요
386,항공사마다 다르겠지만 대한항공이었을거에요... 면세점에서 선물용 한국 과자세트 몇박스 샀는데 그걸 모두 가방에 넣으라고 하더군요. 작은 물건이 아니라 과자 박스라 무슨짓을 해도 가방에 들어가질 않았어요. 굉장히 곤란한적이 있었어요. 다행히 어느 외국분이 오셔서 제 면세점 비닐백 들어 줬어요. 자기 가방 없다며... 너무 한거 아니냐며... 제 대신 궁시렁 대 주시더라고요    호의를 베푸셔서 한국 과자 한상자 드렸네요^^  요즘 비행기내로 반입하는 가방도 딱 두개로 제약되는 경우도 있으니 주의하세요.
387,"영국에서 -> 한국 대한항공 이용했을 경우에 경험담입니다.
백팩 하나, 크로스백 아주 작은 것 하나, 손에 종이가방 하나 들었었는데요.
종이가방이 엄청 큰 가방이었어요. 큰 포스터가 들어갈 정도의 크기.
문제 없이 탈 수 있었습니다."
388,미주행 대한항공은 노트북백팩+기내용캐리어에 백팩1개 더가지고 가면 제재당할까요??? 국내항공사는 그냥 봐주지않아요? 특히 유학간다고 몰랐다고 하면   
389,"다른항공사는 모르겠고  대한항공은 
 체크인하러갈때  입구에  저울이 있어서
보기에  과하다싶으면  모두 올려놓으라하고
보딩하기전에도  저울을  또한번 통과해야합니다
운이 좋아서  통과되신분들도  있지만
결론은 ... 그냥  룰대로 하면  모두가  편합니다"
390,대한항공 망해라
391,대한항공최고!
392,"구려항공의 기내식
단거리에 나오는 썩은 햄버거:김정은한테 던지고 싶음
이코노미 기내식:똥맛남
비즈니스 기내식:대한항공 이코노미 기내식보다 맛없음
퍼스트 기내식:이게 대한항공 이코노미에서 먹는 기내식 같음"
393,"고려항공 퍼스트  VS 대한항공 이코노미
자신의 의견은 답글로   "
394,어째서 비즈니스석이 대한항공 이코노미란 비슷하냐     
395,햄버거는 매점빵이 더 나아요.  그리고 비지니스 석이 뭔가... 머리 받치는거 빼고 우리 대한항공 이코노미석과 비슷... 내 착각?
396,"고려항공vs대한항공
 전갠적으로 대한항공 이요.."
397,걍 대한항공이용하셈 대한한공이 개 좋음
398,그럼 아시아나 대한항공 타세요 고갱님^^* 왜 여기와서 지랄이세요^^**~~
399,대한항공 최공
400,넌 돈없어서 저가항공탓자나 어서 대한항공어쩌고라고말해
401,내가 만약에 바퀴벌레 소동 선베고 막말 할 수 있었으면 그럼 그쪽도 돈 못버니까 아시아나 대한항공 못 타고 이 비행기 타시는거네요? 라고 얘기하고싶다  
402,   설문조사   대한항공 vs 아시아나항공 어디를 선호하나요?  난 아시아나항공
403,지도 그거밖에 안되니깐 대한항공 아시아나 항공 못 타고 있지   
404,그러니까 니가 그 아시아나 대한항공 말고 이 항공사에 있는거야 대충 이런식으로 말한손님한테 진짜 옆에 있었으면  역 질문으로  어머 그렇게 따지면 아저씨는 왜 이 항공사 타고 계시는거죠?  라고 말해주고싶다 진짜 나이 거꾸로 쳐먹고 뭐하는짓..;
405,하나더 알려드리자면 진에어 오버부킹돼면 대한항공으로 좌석배치될 가능성이 있다고 합니다.근데 대한항공 오버부킹돼면 진에어로........
406,대한항공도 해당하는지?
407,대한항공 수하물이 도착 다음날 온경우도 있었는데 아무 보상없이 그냥 집으로 배달만 시켜주던데
408,와 나 대한항공에서 3시간 이륙도 안하고 비행기안에서 있었는데 아무것도 챙겨주는것도 없었는데 비행기 안에서 그좁은 이코노미석에서 3시간동안 화장실이외에는 일어나지도 못하게하고 미치는줄 알았음
409,예전에 대한항공이였는지... 아시아나였는지 기억이 잘 안나지만... 싱가폴에서 출발하는 항공편이 저녁 늦게 출발하는것이 있었는데... 그당시 무엇때문이였는지는 잘 모르겠지만... 2시간 이상 이륙이 지연되었었는데... 사람들 몇몇은 왜이렇게 늦냐고 따졌지만... 대부분의 사람들은 다 잘 기다렸는데... 간단한 샌드위치와 음료수는 제공 해주더라구요...
410,"뭔이유에서인지..활주로에서 한시간동안 뱅기가 안뜨더니...결국 도착지에서 예약해놓은 버스표가 날라가버렸는데요. 버스표 탑승 안해서 취소하고 수수료를 몇백원 물어냈지만... 다른버스가 한참뒤에 있어서 시간적으로 무지 손해봤습니다. 이런건 어떻게 항의해야하나요? 제주출발, 청주도착 국내선이었고..대한항공이었어요."
411,대한항공보다 갑질항공이 있다니...
412,대한항공도 맛없던데...?
413,대한항공 추가요 비빔밥  같음
414,아시아나와 대한항공은 참고로 세계 최상위권~상위권 왔다갔다 할 정도로 수준 높읍
415,역시 대한항공이 짱이지!><
416,유나이티드가 우리나라로 따지면 대한항공급임?
417,정작 대한항공은 항공운항과 출신 잘 안뽑는다는점
418,현재 뉴질랜드에서 살고있는데 여긴 한국 직항은 대한항공 독점이라 비행기값도 비싸고 횡포가심해요 ^^; 호주에 살았으면 이거보고 유럽여행한번가는건데 ^^
419,"전...대한항공 파리 직항으로 가는 14시간 비행이 제일 멀었어요! 전, 캐나다 가보고 싶어요!"
420,아시아나에서 대한항공 카피를 들으니 새롭네요   
421,대한항공의 사고가록과 비교되네
422,"요즘 항공사들의 유행
대한항공의 갑질을 시작해서
글로벌 갑질로 발전하는 사회"
423,왜타냐 저걸 아시아나나 대한항공 타라
424,델타 탔었는데 엄청 친절하던데  뭔가 잘못됬슴   대한항공 오너에게 죄뒤집어쒸운 보도땜에 이것도 못믿겠다.  델타를 얼마나많이탔었는대 이런적 한번도없었슴.
425,내가 대한항공 기장이면 중국비행기 안탄다 그냥 국내비행기 타고말지
426,스카이팀 대한항공을 많이 사랑해주시기 바랍니다.
427,대한항공 만세  
428,2대가아니라 대한항공은 몇십데고 아시아나도똑같음
429,대한항공은 2009년에 이미 승객들태우고 비행한 경력이 있습니다. 이벤트성이긴 했지만 그 이후에 얼마 안있다가 실전 투입 되었습니다.
430,대한항공 아시아나항공 짱짱맨~~
431,"대한항공 한진 금고지기 아닐까요
이명희 와 관련 있을 겁니다"
432,"대한항공 하실레요
아시아나  든가요   "
433,저는 대한항공이 좋아요
434,모아둔게 대한항공이라 슬프네
435,저두 노선때문에 어쩔 수없이 대한항공을 모으게 되는데 진짜 대한항공이 아시아나보다 훨씬크기때문에 그런 것도 있는것같아요  
436,저는 대한항공이 좋아요
437,"지난달에 모든카드를 대한항공으로 바꿨는데  
급 슬퍼지는 이유는 뭘까요"
438,"대한항공 마일리지 , 아시아나항공 마일리지 가치가 달라요 ~~   00:38

마일리지 발권으로 미국 꼬~ 1:16

마일리지 발권으로 유럽 꼬 ~  

시나님 어떤 마일리지 모으세요?? "
439,대한항공 - 대한항공 적립 카드로 대한항공탈때만 쌓임
440,20년간 열심히 모아서 아시아나 300만 대한항공 200만 모았는데 쓸 시간이 없다....  
441,저는 대한항공만 모우고 있었는데 요고 보니까 갈아타야하나시푸네융   오늘도 재밌게 봤오용 
442,나도 대한항공만   
443,대한항공이더좋은데난
444,대한항공으로 결정   !
445,이거 보고 대한항공보다 아시아나가 저한테 더 맞는것 같아서 아시아나만 모으려 하는데 혹시 돈으로 마일리지 사는 것 처럼 마일리지를 돈으로 효율적으로 바꿀 수 있나요?
446,"대한항공 퍼스트타려면 몇번이나 모아야.... 미국을 열댓번은 가야하겠내... 
그럼 경유로 미국가려면 댄공 아시아나 어디가 나을까요?"
447,근데 대한항공이 기내식이 더 맛있음    
448,대한항공
449,저는 아무래도 국적기랑 직항 선호해서 대한항공만 모으게 되네요    같은 비즈니스라도 외항사보다는 국적기가 개인적으로는 더 편하더라고요   
450,역시 미주는 대한항공!!  아시아나 마일리지라고 쓰고 스타얼라이언스 마일리지라고 읽습니다... 결론은 둘다 모으는걸로    
451,오!!!전 아시아나항공이 더 좋은거 같아요!   대한항공 취항노선이 많지만요.............
452,근데 대한항공은 편도신공으로 뉴욕까지 3만5천마일리지가 필요한데 아시아나는 3만 7천 5백마일이 드네요. 그러면 마일리지 적립만으로 볼때 가성비는 비슷해지는거 아닌가 싶네요
453,아니 미칭 에티하드 아파트먼트가 8만 마일리지라고요?!?!? 당장 대한항공 다 접어
454,2016년으로 따지면 아시아나는1년단위로 비행사고가7번일어났고 대한항공은1번 일어 났댑니다
455,아시아나가 진리입니다 스카이팀보다 스타얼라이언스 동맹에 속한 항공사 수도 많아서 마일리지 적립이 대한항공보다 쉬워요
456,"저는 싱가폴 에어라인 서비스보다 대한항공서비스가 더 좋았습니다.
이렇게 발전한 대한민국을 
저 쌍것들이 망가트리고 있는것을  어쩌나요?"
457,기네식은 대한항공 아시아나보다 신경써서 주던데   
458,에어 캐나다      그럼 대한항공도 작은 항공사 이겠냌  
459,대한항공은 왜 없나요
460,짐이 없다면 혹은 여러편의조건 사용을 하지 않을 생각이라면  저가항공을 탈만하죠. 대한항공같은경우 짐없이 타도 화물이송료가 자동으로 들어가 있으니까. 비쌀수 밖에...
461,     저두 바로 샵 예약했는데 대한항공이랑 겹치는 날이라 간신히 했어요    현실적인 조언이네용  
462,FYI..대한항공 ICN-ATL 노선에는 A380 대신 B747-8i 기종이 편성되어 운항중입니다.
463,우리 대한항공과 아시아나가 합치면 얼마나 됄까?
464,"대한항공보다 부자인듯?
조양호 의문의 1패"
465,"0:10대한항공
0:40아시아나
1:25 에티오피안
1:50 에어캐나다
 에어서울
 차이나 솔 틴
 베트남 에어라인
 STAR ALLIANCE(아시아나)
 아시아나
 대한항공
 EASTAR
 관제탑
 진에어
 아시아나
 티웨이"
466,"대한항공.아시아나항공.에어서울 세개의 국적기가 가장 soft landing을 하네요 !
한국인 기장들이 경험이 풍부한 공군 파일럿 출신이 많아 그런거 같습니다.!"
467,0:06 대한항공 활주로 날때까지 계속 홀딩하고 있네    
468,대한항공 아시아나 항공은 대형 비행기이기 때문에 후면 착륙 후 10초 이상 지난 후 전면이 착륙하지만 작은 비행기는 곧바로 하니까 승객에겐 '조금' 충격이 있죠.
469,"4:50 와 이스타항공,대한항공 크기차아   "
470,아시아나 항공이 가장 부드럽게 착륙하고 다음이 대한항공이네요. 외국항공사는 뒤뚱거리거나 착지시 랜딩기어 마찰이 심해 보이는군요.
471,인천 공항 제1터미널에서도 대한항공 볼수 있나요??
472,대한항공 고등어처럼 생겼기도 하고 태극 마크 단 우리나라 국적기라서 미워도 제일 친근한 건 어쩔 수 없네.
473,"와우, 아시아나 넘버1, 대한항공 넘버2"
474,대한항공이 더 부드럽게 착륙 한다.
475,아시아나가 가장 부드럽긴 한데 미국 뉴욕에서 인천 돌아올때인가? 언제 인천 돌아올때 아시아나인가 대한항공 타고 돌아왔는데 그때 비행기 착륙할때 엄청 쎄게 쿵- 하면서 착륙했었던 기억이 나네요.. 그때 정말 놀랐는데... 거칠게 착륙한 느낌이 들어서..
476,"아시아나,대한항공이 밖에서 보면 충격이 거의 없을 것같지만 그래도 약간 기체가 충격때문에흔들리는데(약간) 하드랜딩은 충격이 얼마나 심할까...."
477,내가 타본 뱅기중에서는 루프트한자가 젤 부드럽던데 대한항공이 젤 거칠어
478,콴타스 버진 젯스타 젯블루 제주 대한 일본 아메리칸 스피릿 캐새이퍼시픽 에어뉴질랜드 기억은 다 안나지만 이들중 젤 랜딩깔끔했던게 일본항공이였다는... 대한항공은 여러번 탔고 탈때마다 국제선이엿는데도 고도 낮아 질때 마치 계단을 층층 내려오는 듯 거친 느낌이였음... 그냥.. 그렇다고요..
479,0:29 역시 소프트랜딩은 대한항공
480,대한항공 위엄임
481,"97년부터 7년간 매월 한번씩 지방에서 서울을 왕복하면서 느낀건데, 당시 아시아나는 초기여서 외국조종사들이 많은 상황, 당연히 대한항공이 선후배로 엮인 공군조종사를 안내놓으니 외국인을 끌어 왔는데 작은 비행기이다보니 그 차이가 잘 느껴졌다. 
우선 대한항공은 출발은 급하게 착륙은 부드럽다. 아시아나는 반대로 출발은 느긋하게 착륙은 끼기긱... 공군은 출동식으로 급한 이륙이, 그리고 많은 경험으로 느긋한 자세. 민간자격은 뜨는 것은 느긋한데 어떻게 착륙할까 급한듯한 느낌이었다. 동승한 사람들은 전혀 모르던데 난 그런 느낌을 받았었다."
482,"이륙은 없나요???

휴가 때 대한항공 이용한적이 있는데
이륙하자마자 무슨 수직 상승하는 줄 알았는데

비행기 타고 첨으로 사고 나는거 아닌가 생각 들었는데"
483,2번째 아시아나가 제일 안정적이네 바퀴 끝까지 스무스하게 놓으려고 함부러 안내리는거 봐라 첫번째 대한항공이랑 그 뒤 에티오피아 캐나다등 존나 막 툭툭 떨구네    짬찼다 이건가   
484,사주가 문제라서 그렇지 대한항공이 뭔가 포스가 있고 착륙도 최고 부드러운 듯
485,옛날엔 대한항공타면 다른항공사는 못타겠다싶었는데 최근엔 타항공사 거의다 대부분 스무스하게 랜딩하시더라구요 진짜너무싱기 내려온지도 모를때도많음..
486,아니;; 맨 처음 대한항공기 착륙할때 사방에 새떼들 왤케 많아요???? 겁나 식겁했네;;; 그와중에도 랜딩 예술이네 오메..
487,"제가 타본 비행기 중에선 대한항공 착륙이 제일 거칠었어요. 유럽이나 미주, 일본내에서 현지 국내선도 많이 타봤지만 사이즈 대비면애선 대한항공이 제일 별로임   "
488,개인적으론 대한항공이 젤 소프트한 착륙.
489,대한항공은 착륙할때 지면에 꼬라박듯이 착륙한다 자다가 심장이 덜컥내려않을뻔한것들은 다 대한항공임
490,"아시아나가 서비스 부분 1위
아시아나:5성급
대한항공:4성급
으로 평가됨"
491,대한항공.아시아나몇위?
492,여기항공사애 비하면 대한항공이나 아시아나 항공은   
493,여기서 존나웃긴건 10위안에도 못드는 대한항공이 더 비싸다는거  
494,"예전 토론토갈때 에어케나다 787 타본적있는데 이코노미는 대한항공 787보다 훨신 좁아서 창가자리는 피하셔야됩니다.
그리고 인천 리턴때는 오른쪽 창가자리는 태양열때문에 창문이 뜨거워서 자기 불편합니다"
495,국적기 국책기의 뜻 알려주시는거 정말 좋습니다... 대한항공만 국적기라고 생각하는 사람 주위에 너무많은데  
496,"2:52
웬 대한항공...?"
497,"나비야 나 비행기안에서 대한항공 고양이들끼리 군기잡는거 봣어!!
신입고양이가 손님앞에서 서비스하다가 갑자기 사무장고양이가   안보이는곳으로 끌고가더니 손을 탁치면서 000씨 미쳣어!!  정신차려!  이러는거 봣어

신문지 돌돌말아서 사무장고양이 딱딱 때리면서 왜 신입고양이를 괴롭혀!  멀리서 보면 다 똑같이생긴 흰색고양이들인데.

라고 할려고햇는데 나이좀잇어보이는 사무장 아가씨고양이가 너무 귀여워서 못햇어!!"
498,대한항공 코스모스위트 2는 신종 747-8i에만 있어요. A380은 예전버전의자입니다.
499,닥치고 대한항공 짱-----------
500,우리도 대한항공이 있다.
501,"미국(United States of America)은 United Airline이 갑질, 대한민국은 대한항공이 갑질하네.."
502,"대한항공 사건때도 외국처럼 불매운동 했어야 했는데...
잊혀져 가는거 같아서 속상함. 한국인 종특이 그순간만 욱하고 지나가면 잊어버린다는게 맞나?...닭대가리라고 ..  "
503,델타보다 더하네여.  델타에서 대한항공 옮기려다 가질해서 유나이티드로  전환하려고 했는데.  그냥 델타에 머물러야 갰음.
504,대한항공 조현아도 아직 박창진 사무장에게 사과하지 않고 무슨 시설에 가서 1주일에 한벚씩 1년동안 봉사하고 있다고 하네요. 그리고 대한항공에서도 복직은 되었지만 원래 직책이 아니고 푸대접을 받고 있는 중이랍니다. 당사자에게 마음에서 우러나는 진정한 사과를 하는 것이 가장 중요하지 않을까요? 그렇지 않으면 봉사활동도 보여주기 위한 거짓된 행동으로 보일 수 있습니다.
505,대한항공 =사람 죽이는 곳
506,대한항공이네
507,"저거      







대한항공 하..."
508,머리는 대한항공 바가지머리지
509,내 남사친 중에 대한항공 손자 있는뎈    거짓말 아니에요
510,아시아나는 아시아나 로고샵에서 판매되고있고요  대한항공은 e스카이 샵에서 팔고있습니다.
511,대한항공 뉴욕구간 퍼스트로 한번 쓰려고 했는데 쉽지 않아지겠네요~
512,저도 요즘 아시아나가 마일리지 좌석을 줄인다고 해서 지금 모았던 마일리지 포기하고 대한항공으로 옮길까 생각도 하고 있어요  
513,"제가 북미출발 인천도착 왕복으로 대한항공 프레스티지 나 퍼스트 끊으려고 하는데, 이럴경우는 델타마일을 구매해서 사용해야하나요? 아니면 라이프마일에서 발권 가능할까요?"
514,그럼 대한항공이 ...?
515,대한항공
516,대한항공은 인하공전 항공과 사람들만 뽑나요?영어영문학과 사람들은 안뽑나요?
517,대한항공 국적기 박탈 안하는겁니까??
518,"대한항공,아시아나항공은 안보냐 똑같은 국내항공사인데"
519,난 tway비행기타구 베트남 다녀왔는데  안전도 최고고 저가항공치고 개인적으로 좀 좁아서  통로 걸어다니기 불편했는데 가긴 편하고 좋던데 개인적으로 대한항공보단 좋았음
520,대한항공이 버드스트라이크나면 어쩔건데  
521,아니 대한항공이나 아시아나도 버드 스트라이크 발생하는데 왜 그게 저가항공사 때문이지?? 어쨌든 난 가격 저렴한 저가 항공 탄다   
522,대한항공 직원들 선을넘네.오너딸 가족도 개찬반되는거 보고나서 지들 편하게 할려고하네 대한항공 직원들 정신차려라
523,이 내용을 다시 대한항공에 올립시다. 더 혼나보라고요
524,대한항공 안되것네 기본 서비스정신이 안되어있네.
525,"대한항공이 아니라... 인민항공이네....  
피는 볼만하네.... 대한항공을 지우고 인민항공으로 고쳐라!!"
526,이런 표현 죄송하지만 유나이티드 항공 타세요... 대한항공이 얼마나 친절한지 알게되요..   진절머리 납니다.  내가 20년째 대한항공만 매년 3~4번이상을 타면서 항상 좋지만은 않았어요. 하지만 사무장 사과방법 절대 그렇게 이야기 안하던데..  고객이 하는 말이 사실인지도 궁금하네요.  서로 좀만 양보하면 좋을건데..
527,사람이 하다 보니 실수 한것 같습니다 죄송 합니다 이렇게 말 했을듯 또한 카레가 누락 되었으면 벨을 누르고 사정을 얘기 하면 사과와 함께 빨리 처리 했을듯 제 생각에는 갑의 위치에서  불만을 표시 했을듯 저 또한 대한항공 탑승시 한번은 버터가 녹아 있어 커버를 벗기니 버터가 흘러 옷을 버렸습니다 그후 사무장 까지 와서 사과 하고 인천 도착하니 본사 직원이 게이트에 기다려 세탁비 20$주더군요 그때는 물론 조현아가 있을때죠   역시 강한 오너는 회사를 발전 시키지
528,다르게생각하면. 대한항공 똑같은 실수 하지 말라고 징계때리고 그소님 다시 탓을때 두번다시 똑같이 그런실수 하지말라고 체크까지 해둠. 대한항공 고객의 서비스 항의에는 고객들 민원에는 직원들 불쌍할정도로 철저하게 조치해줌?  이렇게도 생각할수도..
529,"'음모론'   대한항공이 미국 전투기 정비를 맡고있는데,  그런이유로 중국이 개입해  대한항공을 저렇게 괴롭힌다고 .  김정민박사 왈 ."
530,"손님이 카레가 안나왔습니다~~ 라고 했으면되지가 아니라 손님이 아침이라 먹을 생각이 크게 없어서 안먹었다고 했는거 아닌가? 안먹어도 되는 상황이라서 그냥 넘어가려는대 중간급 관계자가 아다르고 어다르다 아닌가요?        .....  근데 대한항공이네??? 그리고 고객의 글에 저렇게 진짜 항공사 직원들이 댓글을 달았나 생각도 들고 너무 딱딱 맞아들가는 스토리며 손님은 영어써가며 바보인척하면서 불쌍한척하면서 냉정하게 받아치고???   

대한항공 조만간 또 한방 맞겠네   
오늘은 삼바도 다시 삿바 매고 줘터질 준비하라고 카든데   
삼바 얘기에 요즘은 개 돼지들고 너무한다고 카데??? 어지간히 물고 늘어지라고      

이 나라에 사는 먼 죄야???

배가 산으로 가서 죄송합니다~~^^"
531,인정할건 인정해라... 인정하면... 왼만한진상아니면 몇마디 하고 끝났다 그소리듣기 싫다고 실수도 할수있고 나는 절대 한적없다 이러면 일이 태산만큼 커지는거다...  에스케이.. 한대리점직원실수로 액정에 기스갔는데 팀장이... 경찰 불러라 하더라... 내가 할말 다하고 나중에 문제 생기면 책임지라고 하고... 문닫고 나가는순간에 말하더라... 정말 지란같은 놈이면 그새끼... 팀장 해임될정도 로 항의하려다... 전화로... 재제가하라고 상종할 가치도 없어 그냥 나왔다... 말하고... . 치웠다.. 그냥인정하면 몇마디 하고..  책임질거 부분만 하고 치운다... 개기면서 고객한테 번대 세우면.. 가는거냐..비행기 서비스 업종이다.. 서비스 업종이 서비스.. 등한시하면 끝나는거지... . 서비스업종이 아니면 저런서비스 저렇게 말하지도 않는다... . 만일 제재를 안가하면.. 대한항공.. 전체를 불신하고 안타겠지... .
532,"아시아나도
대한항공과 같이
밀수.탈세다 조사하시오!"
533,대한항공...무슨 배짱인가?
534,5개월 된 애기를 죽게 만들어 놓고 사과하면 끝..... 인 클라스.... 또 대한항공.... 이름도 바꾸고 모든 것을 다 바꾸자.... 조치 됐다는 말은 누군들 못하냐!!
535,앞으로 대한항공 안타고 아시아나타야겠다
536,또 대한항공
537,근데 대한항공도 구급차안불른것도 잘못이지만 근데 그아이엄마도 아이가 건강상태가안좋으면 굿이 왜 청주국제공항까지가죠.? 제주도에 제주대학교병원이라고 큰병원있는데 굳이 청주까지갔어야할까요?
538,대한항공이랑 아시아나가 세계에서 젤 이쁜거 같아요..
539,번외지만 대한항공이 젤 프리티한것 같아요   세련되고 모던하고 ~
540,대한항공께 제일 이쁨.
541,"안녕하세요 늘스타님 저는 일반인인데요 방송잘보구있어요
너무 재미 있어요
저는 늘스타님이 입었던 대한항공이요"
542,아시아나 항공은 신입때 머리에 뽕 없이 완전 올빽해야한다는 말을 들었는데 진짜인가요 !??? 대한항공도 신입은 이렇게 해야만 해! 하는 게 있나요~? 규정은 아니지만 은근한 그런 분위기 같은거요!
543,"자체적으로 항공사의 규모, 노선개수, 항공사의 명성, 항공기 개수, 항공기 운항횟수, 연간 매출액, 연간 수송인원, 연간 화물수송 등 회사나 항공사 자체적으로 보면 모든 지표에서 대한항공이 아시아나항공의 2배가 넘거나 2배남짓합니다. 그래서 아시아나는 규모면이나 외적인 면에서는 대한항공에 안되기 때문에 서비스나 마일리지 혜택 내적인 부분에서 대한항공보다 더 좋고 세세하게 경쟁력을 키워나간겁니다. 그래서 대한항공은 약간 크고 웅장한 느낌이도 아시아나는 아기자기하고 세세한 느낌을 많이 받을수있습니다. 또한 이 두항공사는 국내에서는 항상 까이지만 외국에서는 크게인정해주는 항공사인걸 명심해야합니다. 둘다 국내를 대표하는 항공사인만큼 전세계에서도 더 좋은 경쟁력을 갖춰 더 크고 인지도있는 항공사로 성장하면 좋겠네요!!~~"
544,"대한항공의 보유기종 대부분 신식 비행기가 많습니다 하지만 아시아나의 보유기종 대부분 고령의 비행기가 많죠 거의 노인학대수준으로 비행기를 굴리는게 아시아나입니다 
그래서 아시아나 항공기는 틈만 나면 퍼집니다"
545,먼저 스타얼라이언스와 스카이팀 동맹의 차이를 알아주시는게 좋을 것 같습니다. 두동맹의 차이는 아주 큽니다. 스타얼라이언스 동맹의 목표는 최고의 고객서비스를 목표로 하고있습니다. 그러므로 그래서  타얼라이언스 항공사들은 많은 비행기의 보유대수는 아니지만 그만큼 최고의 품질을 제공하기위한 그 특성을 살리리고 이를 다른 항공사와 공유합니다. 그래서 유독 스타얼라이언스 항공사들이 코드쉐어가 많은 이유입니다. 고객들이 다양한 항공기를 이용하면서 각 항공사들이 가지고 있는 더 다양하고 특별한 서비스를 받기위해서죠. 그리고 스카이팀 동맹은 서비스보다 항공사동맹으로 인한 이익을 조금더 중시하는 경향이 있습니다. 그러다가보니 많은 취항지는 물론이며 동맹항공사와도 코드쉐어가 많지 않은 이유 중의 하나입니다. 예시로 델타항공이 스카이팀의 항공사임에도 불구하고 대한항공과 조인벤처를 맺은 이유기도 합니다. 코드쉐어 사이에서의 이익도 증가시키기 위함이죠. 대한항공과 아시아나 두 항공사는 각 추구하는 것이 다르기 때문에 비행기 기종 수와 취항지 수가 다를 수 있는 이유입니다.
546,세상에서 가장 어려운 선택 한진 대한항공VS금호 아시아나
547,"대한항공 = 회장 사망
아시아나 = 매각
w0t"
548,"개인적으론 대한항공.. 아시아나 기내식 일회용 식기들.. 대한항공은 스틸 식기와 컵, 접시들."
549,아시아나와 대한항공의 자회사인 에어부산 대 진에어 해 주세요
550,대한항공은 '그 분들' 때문에 죽어도 안타고 싶음
551,대한항공 
552,아시아나 항공은 대한항공의 독과점을 견재하기 위한 발단으로 시작 되었습니다.
553,"둘다 비리는 없는걸로 알고있는데요? 대한항공 갑질은 있어도 
제가 잘못알고 있는걸수도 있으니까 관련 기사 첨부 부탁드립니다"
554,"                  비교 자체가 불가능합니다. 회사 규모가 비슷한것도 아니고 대한항공이 아시아나항공의 두배가 넘습니다. 애초에 비행기 대수, 매출을 보면 아는건데 그거로 점수를 매긴다는게 참.... 이런 자료로 비교하는건 잘못된거 같네요 ^_^ 마일리지 부분으로 비교한건 잘 하신거 같구요"
555,"전 아시아나!!!
대한항공은 아져씨들이 타는 이미지가 큰듯"
556,대한항공의 승리
557,"두 항공사의 양질을 따지는건 말도 안되는거다. 지나가는 항덕으로서 얘기함. 아시아나항공은 고퀄리티 서비스를 통한 수요, 대한항공은 많은 노선 취항을 통한 수요가 주됨. 애초에 다른 모티프로 운영되는 항공사인데 비교 자체가 불가능함. 좌석도 비성수기 기준 같은 취항지 노선으로 계산하면 아시아나가 1.2프로 더 비쌈. 대신 서비스는 그만큼 좋음. 댄공은 그만큼 비행편수가 많음. 팩트"
558,"대한민국 제 1 항공사인데 당연히 대한항공이 1등이지
당연히 넘사벽임"
559,"개인적으로 기내식은 아시아나
서비스는 대한항공이라 생각함"
560,대한항공이 짱
561,정비부터가 대한항공 압승
562,아시아나 퍼스트 vs 대한항공 퍼스트
563,이게 비교가되나 무조건 대한항공이지
564,"대한항공에 A321NEO있고요, 아시아나에 A350-1000도 있어요 또 A220-300이 아니라 A220-200이에여"
565,"개인적으로 중국갈때 아시아나 타봣고 필리핀갈때 대한항공을 이용해봣습니다만....
아시아나가 더 좋습니다 서비스나...자리간격등.... 기내식도 아시아나가 더 좋아요 맛있고..   "
566,아시아나A380보다대한항공A380이더커요 왜냐면꼬리날개커요
567,대한항공은 나한테 잘못을 크게 한 적 있어서 이미 끝났음 국내선은 온니 아시아나만 탐
568,대한항공 국영아니고 민영인데...
569,난 대한항공이 좋더라(개취)
570,대한항공은 스카이팀 탑3급 항공사지만 아시아나는 스타얼라언스에서 그저그런 수준이죠 스카이팀 항공사들은 대한항공에 의존도가 많지만 스얼항공사들은 아시아나 없어도 전일공이나 에어차이나로 커버가능하죠
571,아시아나 대한항공 보유기종 2뱈  
572,아시아나항공이 따라가고싶은 항공사가 대한항공이에요 ! 그리고 대한항공이 따라가고 싶은 항공사가 싱가포르항공이에용
573,"카고 항공기는 포함하면 안돼용 이유는 
아시나항공 대한항공은 카고 하는 회사를 살립해 화물운송을 하기때문에 포함을 시키면 안됩니당"
574,대한항공이지 당연
575,난 대한항공이 낫다
576,대한항공를 보면 갑질이 생각나네요
577,대한항공 좋아하노? 순위사 24위인것부터 이미 아샤나가 이긴건데
578,"대한항공은 단거리가 737 위주 , 아시아나 321 위주 , 아시아나가 737이 없다는걸 처음알았네요 , 대한항공에 A220은 이전 봄바디어의 CS300 이 A220으로 바뀐거네요 오타인줄 알았어요"
579,아시아나를 더 많이타긴했지만 대한항공이 더 좋고 고급스러운느낌. 회사도 노선도 두배차이지만 무엇보다 아시아나가 비행기가 후진게 많음. 같은 노선이라도 대한항공은 광동체 아시아나는 협동체인 경우도 많음. 대한항공 비행기가 더 좋고 2터미널이 더 한산해서 요즘은 대한항공을 더 선호
580,대한항공에 CS-300도있는데.........
581,"해외를 자주 드나드는 편이라 이 부분은 아주 쉽게 대답 가능함. 일단 서비스 친절도, 소프트랜딩 등 모두 대한항공이 우수했음. 또한 지연율도 아시아나가 월등히 높았음.."
582,우라학교가 대한항공과 관련된 고등학교인데 전 항공정비쪽을 배웁니다. 내년 제주도여행에서도 대한항공타고간답니다 ^^ (물론 돈은내고타죠)
583,항공사 자체경쟁력은 대한항공이 압도합니다 마일리지의 활용도는 아시아나가 갑
584,다른건 모르겠고 워싱턴DC 갈때 보면 대한항공이 덜레스쪽을 아시아나 못들어오게 막아놔서 아시아나는 레이건으로만 도착함.. 이것 때문에 항상 불편을 겪습니다.
585,"음.....솔직히 대한항공이 1969년에 창립되고 아시아나 항공이 1988년으로, 
대한한공이 훨씬 더 먼저 창립 되었기 때문에 노선이나 비행기 보유 수는 당연히 대한항공이 더 많지 않을까요..!!"
586,대한항공은 윗대가리가 쓰레기라 제발거르자
587,"제개인적인 생각으로는 아시아나가 더 좋다고 봐요.
대한항공보다 서비스가 좋고 가격부담이 덜되고 대한항공 회장의 가족들이 갑질한적도 있어서 그게 싫었어요."
588,솔직히 1990년대때 대한항공 진짜 불쌍한게 3년 연속으로 보잉747이 사고로 격파됬었음...
589,"걍 인천공항 안내문이 다 설명해주지 않나? 대한항공 탑승객은 제2여객터미널, 아시아나와 저가항공사 탑승객은 제1터미널"
590,아시아나A380은꼬리날개가작고 대한항공A380은꼬리날개 꺼서 아시아나A380보단 대한항공A380이속도가 더빨라요 대한항공A380은 기내에서 엔진소리가안남
591,센서님 추가로 대한항공은 인천공항을 만들고 국가에 헌납했으며 체코 공항이였나? 거기 지분을 51%나 갖고 있다고 해요!
592,아시아나 별로않좋음   들어갔을때 청소도안해놓고  노선도적고  수해량도적네 아시아나 패배  대한항공승리
593,"댄공은 최신기체도 많고(B777.B787.A220등)서비스도 괜찮은편이고 정비도 잘 하는것같아요 https://youtu.be/EhDEgRcOrNQ (김해 테크센터에서 중요한 정비를 하는듯합니다)
아시아나네는 에어부산/서울만들면서 항공기가 더 줄어들고 A350을 뽑고 있다해도 구형기체 댓수가....(안습)
(근데 대한항공도 진에어에게 항공기 송출하려다 갑질땜에 엎었다나 뭐라나...)"
594,대한항공 기내식 더럽게맛없음
595,전 대한항공:아시아나 항공은 국내선 비행기 규모도작고 승차감도별로인데 대한항공은 크고 승차감이좋지만 전 최종으로 제주라인(제주항공):하노이 국내선땜에
596,대한항공도 빨리 wifi도입....
597,"님의 비디오는 댄공이 좋다는걸 티가나게 제작됨..... 아시아나가 순위가 높으면 1점을 줘야하는데.... 왜 0.5점을 주죠? 서비스 기반으로 보면 아시아나가 5성급이며 대한항공이 4성급입니다. 서비스만큼은 대한항공이 따라올수 없습니다. 대한항공이 기종이 많은건 맞지만, 아시아나는 기종은 적어도 서비스는 우위입니다. 이비디오 관심있어서 봤는데 정말 자기의견만 내세우는 비디오라 별로입니다."
598,아시아나 무시하냐 아시아나가 크고 5성급(대한항공4성급   )기내식에다가 이것만 해도 이기갰내 아시아나 승리
599,"여러분 대한항공 경영진이 쓰레기인건 맞는데... 대한항공 만큼 노선에 많이 투자하는 항공사가 아시아 항공사 중에서 아예 '없습니다' 미국 뿐만 아니라, 유럽... 등등 거의 전 세계를 다 다니는데 이런 항공사도 몇개 없습니다.
항공사를 미워하지 말고 경영진을 욕합시다   "
600,전 대한항공!
601,나는 무조건 대한항공
602,난 대한항공이 더 좋은듯
603,대한항공이 기내식 더 좋음
604,저는 진짜로 빡치는분들잇겟지만 대한항공 기내 냄새땜에 멀미가나서 못타겟더라구요....
605,대한항공과 아시아나항공의 비행기보유대수가 알맞지 않은 것같습니다. 대한항공 아마도 296대이고 아시아나도 100대는 넘습니디
606,"대한항공이 훨씬남. 왜냐면 아시아나 항공은 미주노선 마일리지 예약 3개월전에 해야는 하고, 아예 쓸생각을 못항정도임. 대한항공은 마일리지 좌석 언제든 거의 넘쳐남"
607,근데 노후 됐다는 부칸의 항공기중 추락 사고를 일으킨 건은 몇건?  대한항공보다 많은가?  아니 한건이라도 있어? 그리고 북은 그런데로 핵땜에 미국이 함부로 대하질못하는것임. 만약 핵기술이 미국보다 못하면 북도  우리 나라처럼 미국의 개돼지가 돼는것. 모든것을 미국의 노예 관점에서 보는것을 그만둬라 !
608,대한항공에 정중히 얘기했다가 아주 정중히 거절당함... 비지니스석이 꽤 비어있었음에도 불구하고..
609,"미국이나 해당하는일이지 한국에는 해당되지 않는 사항이 아주 많습니다. 

왜냐하면 한국은 결항이나 지연율이 그렇게 큰 편은 아니고, 대부분 이용할땐 저가항공사를 이용해서 이조약 저조약 따져가면서 돈 안돌려주고 서비스 개판으로 되는 경우가 많습니다. 실질적으로 님들이 비행기 문제가 생겼을때 제대로 해결해주는곳은 대한항공/아시아나 외 일부 항공사들 뿐입니다. 

반면에 미국은 이런 문제를 상당히 심각하게 받아드리고, 항공사 이미지에 엄청난 타격을 줄 수도있기때문에 되도록이면 잘 대응해주고 있습니다. 당장 저같은경우에는 Jetblue항공사를 많이 이용하는데, 장기적으로 딜레이 시 시간당 50~100달러 를 바우쳐로 돌려줍니다. 캔슬인 경우에는 따른 비행기를 알려주거나, 도저히 자리가 안나는 경우 항공사에게 호텔을 요청해서 다음날 가는것도 가능합니다.  

특히 국제선에서 문제가 많이 터지는데, 만약에 비행기가 결항되는 경우 무조건 적극 향의하여 다음날 가는 비행기 자리를 달라하시면 됩니다. 호텔도 무료로 제공해주고 2끼분의 식사까지 다 제공받습니다."
610,대한항공 쥐어짤때 이런 수작이 있음을 눈치챘다 요눔들아
611,그짝정권이 말갖지않은 이유로 대한항공 아작내는 이유가 있었네요.  항공기 헐값에내놔라    .  얼마나 오래가는지.  두고보마
612,"굉장히 반가운 소식이고, 또 신선한 소식이다.안타까운 사실이라면 대한항공,아시아나 항공같은 놈들이 가만히 있으려나?"
613,"   대한항공 때리는 이유가 있구나..
비행기도 좆만하네"
614,"에어필립:쳐맞자
대한항공:잠...잠깐만..뼈맞았어"
615,"만세. 대한항공. 죽여부제
이제 우리세상"
616,전세계 비행기를 많이 이용해봤지만 대한항공만큼 편하고 친절한 항공사는 만나지 못했다...
617,"대한항공아 너희랑 같은 스카이팀이 델타항공 맞지?      
빨리 델타항공에 항의해....  그리고 스카이팀에서 빼버려!!!!  그렇게 주장해"
618,"대한항공 아시아나 국적기 타야되
저놈들 서비스 개판"
619,아   한진항공이라는이름드럽게촌스럽네 그냥대한항공이좋다
620,"Mono Kay 대한항공은  원레  나라에서
운영하다가  한진그륩이  인수한거고
우리 나라를 알리고 있다고 할수있으니
바꾸지 않는게 낳아요"
621,가지 가지 한다        우리나라 알리는건 대한항공이다
622,대한항공777기는 아마 일본 도쿄로가는 항공기 같아요
623,역시 대한항공 보잉747-8i가 크기는 가장 크다
624,오우 대한항공 747-8i포스 장난이 아닌데요?
625,지금까지나온항공사1.이스타 항공(EATAST AIR)2.아시아나 항공(ASIANA AIRLINS)3.에어캐나다(AIR CANADA)4.잘 모르겠음...5.월드 항공(WORLD AIR)이번에나온월드항공은화물6.대한항공(KOREAN AIR)
626,아시아나는 부드럽게 착륙하는데 대한항공은 그냥 활주로에 쳐 박는다고 해야하나? 진짜 착륙할때 많이 흔들림
627,"대한항공보다  더한것을인데...
저나라선 아무런  조치를 아니하나?!!!  "
628,대한항공 갑질은  
629,델타하고 유나이티드 항고사만 있는건가요 ? 다른 항곡사는 없나요 ? 아시아나하고 대한항공이 들어가면 잘될텐데 마리에요. 배가 불러서 그런거여요
630,대한항공이 제일좋음
631,"2018년 2월까지 인천국제공항 제2터미널 개장예정이며 이미 스카이팀 4대 항공사 (에어프랑스,대한항공,KLM,델타 등)들이 허브공항으로 선택하였다. 또한, 2030년 까지 인천국제공항 제3터미널 건설계획이 잡혀있다. 이것이 모두 성공적으로 실행시되면 인천공항은 연간 약 1억 2000만명의 관광객들을 수용할 수 있는 세계 3대 국제공항중 하나로 재림한다."
632,"항공권 구매할때 보통 저렴한 항공권을 구매하잖아요
그래서 저렴한 항공권 찾다보면 그 클래스로는 대한항공/아시아나항공에 적립불가클래스가 많아요   
특히 중국가는 항공기 아주 심하죠
근데 항공권 예약사이트에서 클래스가 잘 표시 않되고 거의 결재단계 끝에서나 알수 있는데도 있어요."
633,"금호는 박삼구가 다말아먹고
대한항공은 자식이랑 마누라가 말아먹네"
634,대한항공은 보잉기종들이 에어버스가 다니던 항로를 뺏는거 같음    
635,딴건 모르겠고 대한항공이 최고
636,"보잉=대한항공 에어버스=아시아나 항공 너무치열한거아닌가? 
다른 제조사끼리 경쟁하는것같은대..."
637,대한항공한테 뺏기고 이스타에서 빼오네    
638,저가항공 무시할만하지      돈없는애들이 타는건데    20살 유학생인데 대한항공 프레스티지만탄다    미국 시애틀 엘레이 각각 왕복 7백 정도 하는데 동남아도 1-2백 밖에안하고    이코노미래도 고작 몇십만원 아낄려고 저가항공   
639,안전안내방송이 대한항공꺼    은데 아시아나유튜브체널가서 찾아보면 안내방송있어요
640,Qna 왜 대한항공이나 아시아나항공 안가시고 중국동방항공에서 일하시는건가요? 국내항공사가 대우가 더 좋지 않은가요?
641,"미국은 두지않지만...마일리지 차이가 너무 남.
예를 들어 델타 비지니스 탈려고 하면 편도만 25-30만 마일임..그에 비해 대한항공이나 아시아나는 8만 마일...이런부분에서 차이가 남."
642,독일 항공조사국 2015안전도 순위 루프트한자 12위 에바 항공 3위 콴타스 항공13 터키항공50위 에티하드항공8위 ANA항공15위캐세이퍼시픽 1위 싱가폴항공30위 카타르항공4위 에미레이트항공2위.............아시아나46 대한항공49위..............실제..비지니스 이상 개인 이용객은 안전이 최우선순위... 최근 저유가로 세계 각국에 저가항공사 난립...가격경쟁력으로 하다니보니..실제 항공정비 인력을 비정규직/파견하청 하는경우빈번....
643,대한항공은 몇 위에 올랐나요?
644,왜 국내선 대한항공은 나이가 많을까요   ? 보통3~4명이던데 직급은 최소 어느정도인가여? 대리급이 막내일수도 있나요   ?
645,혹시 대한항공 복지몰이 있나요?
646,"급 생각나 들어가보니 대한항공만
국외 탑승횟수가 204회네요,,  
많이도 탄듯.."
647,"대한항공도  저렇게 탄력있게 대처해라
FM 대로 한다고 원래 좌석으로 돌아가라고 승객 감정 건드려서 사건을 만들지 말고    
누가  여기다  또 반박 댓을 달겠지    대꾸안함"
648,A380 은 대한항공도 10대 넘게 보유 하고 있구 아시아나도 보유하고 있어욧    카타르도 항공도 A380 있구요
649,"대한항공 아시아나항공도
a380있음"
650,대한항공 인천에서 로스엔젤리스까지 왕복으로 약1200만원;;   
651,대한항공 380에도 바와 면세 쇼핑공간이 있습니다
652,한국 대한항공 아시아나 380도 객실에 일반석전용 빠와 퍼스트클래스와 비즈니스전용 빠도 있습니다
653,"대한항공은 이코노미석, 프레스티지석, 비즈니스석, 일등석, 코스모스위트 2.0 있고"
654,에띠하드가 - 만수르 항공사 - 다 .. 에미레이트도 만수르가 경영하긴하지만 쉽게말하면 아시아나라고 생각하면돼 대한항공이 에띠하드고 에미레이트가 아시아나 라고생각하면 쉬워
655,헐..내꿈이 대한항공기장인데....
656,   아시아나. 대한항공. 전속 모델해도  되겠네용?
657,솔직히 나는 대한항공 좋은줄 모르겠음 그냥 거품이많아소 비싼거
658,"제목과 끝에 내용 좀 자극적으로 쓰시기도 하셨고 틀리게도 쓰셨네요.
항공사고수사학 전공했구 이 사건에 대해 프리젠테이션을 만든 경험도 있습니다. 결과적으로 벨류젯 사고는 일차적으로보면 세이버테크에 준 외주로 보이지만 결국 좀 더 파고 내려가면 사고 자체는 막을 수 있었어요. 아메리칸 항공 132편이 1988년 겪었던 사고에 (이것도 화물칸에 과산화수소 기반 화학물질을 위시한 인화성 물질이 있었고 여기에 불이 붙으므로서 화재가 시작됨) FAA가 NTSB의 권고를 무시한것으로부터 벨류젯의 추락 자체가 가속화되었다고 할 수 있습니다. 그 이전으로 가면 항공기 제작사들이 보다 더 안전한 항공기를 FAA 권고가 없어도 만들지 못했다는걸 집을 수 있겠네요. NTSB가 화물칸에 화재를 대비해서 연기감지기와 소화장치를 구비해야한다고 했지만 FAA에서는 이런일이 얼마나 일어나겠느냐고 NTSB의 권고를 (기억엔 두어번 보낸걸루 알고있어요) 무시하다가 나중에야 권고사항으로 추가했을 뿐이죠. 강제 사항이 아닌 권고 사항일 뿐이니 많은 항공사들, 특히 벨류젯같은 LCC들은 더욱이나 하지 않았고 결국 참사가 일어난것입니다.


모든 사고가 다 그렇지만 특히나 항공 사고에서는 단 하나의 사고 이유는 없습니다. 이걸 여실히 보여주는게 제임스 리즌의 스위스 치즈모델이고 최근에는 HFACS라는 모델이 새로 나와서 사고 조사에 더욱 더 큰 도움을 주고 있지요. 물론 세이버테크의 정비 라이센스가 만료 되었다는 둥 이런 일들도 많지만 결국 NTSB가 화물칸에 COMAT (COmpany MATerials. 회사 물품들. 여기엔 산소 발생기 포함)이나 위험물질 (dangerous goods)을 싣지 못하게 바꾸어달라는 요청을 FAA가 묵살해버린것 또한 무시할 수 없습니다. 외주는 당시도 그렇고 현재도 그렇고 정비나 로딩, 클리닝 같은건 여전히 많이 주는 중입니다. 하다못해 대한항공 또한 기내식을 자체조달하다가 LSG 같은 회사로 갈아탔습니다. 외주가 꼭 나쁜것처럼 제목이 보이는데 사고 조사 리포트는 외주만이 문제라고 지적하진 않아요. 이왕 다큐라는 이름 붙이신거, 좀 더 깊이 있는 설명이 있었으면 어땠을까 하는 생각이 듭니다.


참고로 영국의 유명한 저가 항공사 Ryanair도 모든게 외주 위주로 돌아갑니다. 그런데 몇번 병크는 터트렸지만 저런 사고는 낸적 없어요. South West도 외주로 돌아가고 LCC는 외주가 위주라고 보시면 됩니다. 그러니까 외주가 100% 문제가 아니란겁니다. FNSC도 외주 많이 주고요.



 자료: "
659,대한항공은 직원들이 이루어낸 회사입니다 경영진이 문제지 대한항공은 나쁜회사가 아닙니다
660,응 진에어도 대한항공 계열사야~^^
661,대한항공 서비스 자체(?)는 좋긴 한데.. 오너 리스크들이 너무 컸어요...
662,대한항공 은 좋은데 총수 일가는 쓰레기
663,LCC 항공 부기장인데 대한항공 너무부끄럽다.파일럿분들은 말도잘하시고 성격도좋으시던데 회사의 고위간부들이 저러니 저보다 뛰어난 파일럿분들은 어떤느낌일까요? 오늘도 공항서 심정을 물어볼렵니다 
664,사명을 이어 받았을 뿐인 대한항공이 왜 문제가 되지???
665,어쨌든 대한항공이나 아시아나는 둘다 회장이 문제야
666,"지금부터 대한항공 바이바이
아시아나 웰컴"
667,"대한항공을 사용하던 말던 남이사 민간에서 무슨 상관이래 ;; 
본인들 생업에나 집중하시길"
668,대한항공 이름 버려라 진짜 갑질로 나라망신하는 회사가 대한항공이라는 이름달고 영업하는거 못 봐주겠다
669,우리나라도 제3 민영항공사 만들어서 대한항공의 독점을 막는게 나을 것 같다
670,"이런거 볼때마다 너무 마음아프네요.... 대한항공이라고 싸잡아서 욕하지 말고 윗대가리들만 욕합시다 제발...
대한항공에서 일하시는 성실한 분들은 대체 무슨 죄입니까 제 친구 아버지가 대한항공 기장이신데 대한항공 싸잡아서 욕하는 글이나 댓글보고 많이 상처받으신데요...  윗대가리들은 개판을 쳐도 직원분들은 최고의 서비스를 제공하려고 하시는데... 제발 경영진들의 잘못만 질책해주세요"
671,이제부터 대한항공  갑질항공 
672,민족의 수치 대한항공
673,"대한항공은 문제 없다고 판단한다
집안이 문제지  "
674,조만간 대한항공이랑 아시아나항공이 평양에서 뜨는건가..
675,요즘 사람들 너무 몰랔  대한항공이 국책항공사에 국적기랰    아니라고 해도 지들이 그러는데 뭨    
676,에엥? 대한항공은 펩시가 세운거 아니었나아?>
677,대한항공 직원들 불쌍하다....  
678,"조씨일가 당장 대한항공에서 나가라 
대한항공 이미지 먹칠하지말고"
679,근데 대한항공 초기 로고 지금의 JAL 로고랑 똑같이 생겼네
680,"저는 항공덕후 항덕인데요.
아시아나,저가항공 과 대한항공은 급이 다릅니다. 대한항공이 우리나라에선 서비스,기재,등에서 압도적입니다.
(스카이트랙스 순위 는 아시아나가 훨씬높다고 하실분들이 잇는데 스카이트랙스는 신뢰도,공정도가 이미 바닥친지 오랩니다)
그리고 대한항공이 이름을 바꾼다는거 자체가 말도안되고 당연히 불가능하겟죠.
굳이바꿀이유도 없고요."
681,조현민 일가때문에 대한항공 망하게 생겼는데 그안에있는 직원들은 뭔죄냐?
682,음... 대한항공땜에 프랑스랑 3개월 무비자 되고 또뭐있나 프랑스 에어버스 대한항공에서 다사주고      프랑스에서 대한항공한테 훈장주고 그덕에 우리나라 프랑스랑외교관계좋아지고 미스트랄미사일인가?? 아무튼 육군이랑 해군에서쓰는미사일 그것도 덤으로 존나싸게구매성공해서그런듯
683,아뭐야 대한항공 국책항공사인줄알고 이용햇는데 안해야겟다. 차라리 일본공수비행기를 타고말지.
684,대한항공이 아니라 갑질항공이다
685,<대한항공 재벌 총수>는 <삼성 총수>에 따지시라! <삼성 총수> 쏙 숨었어요!!! 범인은 바로 <삼성 총수 이재용 일가>
686,대한항공은 왜 때문에 '대한'을 쓰는 거죠?
687,우리는 대한항공때문에 이렇게까지온거일수도있습니다
688,이거 보면 왜 대한항공 아시아나항공이 10등에도 못드는거알겠네 대한항공 아시아나항공의 퍼스트가 여긴 비지니스인거 무엇. 여기 퍼스트는 걍 호텔이고
689,"대한항공보다 아시아나가 더 적게 받나요??
아시아나는 300정도로 알고있는뎅"
690,대한항공의 팀 제도에 대해 궁금합니다! 일정 기간을 함께 비행하는 팀이 정해지는 것으로 알고 있는데 얼마나 유지되는 건가요? 정해진 이후 변동은 아예 없나요? 아무리 회사가 크고 크루 수가 많다고는 해도 정말 마주치고 싶지 않은 사람이 사내에 근무하고 있는 경우가 있을 텐데.. 정말 만약을 생각하지 않을 수 없잖아요   + 그리고 아시아나는 크루들끼리의 스케줄 스왑이 비교적 아주 자유롭다고 들었는데 대한항공은 어떤 편인가요?
691,동생이 대한항공?   
692,대한항공 눼~~~     
693,대한항공은 게이트에서 대하는 직원들이 참 별루다
694,사진 봤는데 대한항공이 더 쎄보임
695,대한항공이 더 좋은...
696,꼭같은 항공사아니여도 될걸요 대한항공이 스카이팀이니까 같은 스카이팀이면 되는경우가있는걸로아는데
697,아샤나가 항공사 24위고 대한항공이 32위임
